,regions,tech,vintage,exist_cap,exist_cap_units
0,CA,R_SC_RACELC_R,2014,28.610114488148863,PJ
1,CA,R_SC_RACELC_R,2018,28.610114488148863,PJ
2,CA,R_SC_CACELC_R,2005,41.95782780230651,PJ
3,CA,R_SC_CACELC_R,2010,41.95782780230651,PJ
4,CA,R_SC_CACELC_R,2015,41.95782780230651,PJ
5,CEN,R_SC_RACELC_R,2014,42.39264716467426,PJ
6,CEN,R_SC_RACELC_R,2018,42.39264716467426,PJ
7,CEN,R_SC_CACELC_R,2005,122.97878833402618,PJ
8,CEN,R_SC_CACELC_R,2010,122.97878833402618,PJ
9,CEN,R_SC_CACELC_R,2015,122.97878833402618,PJ
10,MID_AT,R_SC_RACELC_R,2014,117.28041589322328,PJ
11,MID_AT,R_SC_RACELC_R,2018,117.28041589322328,PJ
12,MID_AT,R_SC_CACELC_R,2005,266.569582107922,PJ
13,MID_AT,R_SC_CACELC_R,2010,266.569582107922,PJ
14,MID_AT,R_SC_CACELC_R,2015,266.569582107922,PJ
15,NE,R_SC_RACELC_R,2014,97.59662439952895,PJ
16,NE,R_SC_RACELC_R,2018,97.59662439952895,PJ
17,NE,R_SC_CACELC_R,2005,97.94558420074992,PJ
18,NE,R_SC_CACELC_R,2010,97.94558420074992,PJ
19,NE,R_SC_CACELC_R,2015,97.94558420074992,PJ
20,NW,R_SC_RACELC_R,2014,3.9096307619278954,PJ
21,NW,R_SC_RACELC_R,2018,3.9096307619278954,PJ
22,NW,R_SC_CACELC_R,2005,26.769311736150502,PJ
23,NW,R_SC_CACELC_R,2010,26.769311736150502,PJ
24,NW,R_SC_CACELC_R,2015,26.769311736150502,PJ
25,N_CEN,R_SC_RACELC_R,2014,63.92131556340025,PJ
26,N_CEN,R_SC_RACELC_R,2018,63.92131556340025,PJ
27,N_CEN,R_SC_CACELC_R,2005,332.0787681494179,PJ
28,N_CEN,R_SC_CACELC_R,2010,332.0787681494179,PJ
29,N_CEN,R_SC_CACELC_R,2015,332.0787681494179,PJ
30,SE,R_SC_RACELC_R,2014,91.79771525303221,PJ
31,SE,R_SC_RACELC_R,2018,91.79771525303221,PJ
32,SE,R_SC_CACELC_R,2005,291.91741771551636,PJ
33,SE,R_SC_CACELC_R,2010,291.91741771551636,PJ
34,SE,R_SC_CACELC_R,2015,291.91741771551636,PJ
35,SW,R_SC_RACELC_R,2014,15.06430835341912,PJ
36,SW,R_SC_RACELC_R,2018,15.06430835341912,PJ
37,SW,R_SC_CACELC_R,2005,112.3756113839872,PJ
38,SW,R_SC_CACELC_R,2010,112.3756113839872,PJ
39,SW,R_SC_CACELC_R,2015,112.3756113839872,PJ
40,TX,R_SC_RACELC_R,2014,68.39907592508378,PJ
41,TX,R_SC_RACELC_R,2018,68.39907592508378,PJ
42,TX,R_SC_CACELC_R,2005,146.86030179759356,PJ
43,TX,R_SC_CACELC_R,2010,146.86030179759356,PJ
44,TX,R_SC_CACELC_R,2015,146.86030179759356,PJ
228,CA,R_CD_ELC_R,2014,16.38912621367699,GIGA_LB
229,CA,R_CD_ELC_R,2018,16.38912621367699,GIGA_LB
230,CA,R_CD_NGA_R,2014,9.753676730720265,GIGA_LB
231,CA,R_CD_NGA_R,2018,9.753676730720265,GIGA_LB
232,CEN,R_CD_ELC_R,2014,21.099657748197185,GIGA_LB
233,CEN,R_CD_ELC_R,2018,21.099657748197185,GIGA_LB
234,CEN,R_CD_NGA_R,2014,3.2519355122605216,GIGA_LB
235,CEN,R_CD_NGA_R,2018,3.2519355122605216,GIGA_LB
236,MID_AT,R_CD_ELC_R,2014,34.9598870675928,GIGA_LB
237,MID_AT,R_CD_ELC_R,2018,34.9598870675928,GIGA_LB
238,MID_AT,R_CD_NGA_R,2014,8.223085906278733,GIGA_LB
239,MID_AT,R_CD_NGA_R,2018,8.223085906278733,GIGA_LB
240,NE,R_CD_ELC_R,2014,18.630051862808177,GIGA_LB
241,NE,R_CD_ELC_R,2018,18.630051862808177,GIGA_LB
242,NE,R_CD_NGA_R,2014,4.479272195538429,GIGA_LB
243,NE,R_CD_NGA_R,2018,4.479272195538429,GIGA_LB
244,NW,R_CD_ELC_R,2014,8.833757555623196,GIGA_LB
245,NW,R_CD_ELC_R,2018,8.833757555623196,GIGA_LB
246,NW,R_CD_NGA_R,2014,4.093190143853276,GIGA_LB
247,NW,R_CD_NGA_R,2018,4.093190143853276,GIGA_LB
248,N_CEN,R_CD_ELC_R,2014,30.051876055101406,GIGA_LB
249,N_CEN,R_CD_ELC_R,2018,30.051876055101406,GIGA_LB
250,N_CEN,R_CD_NGA_R,2014,10.431484272404159,GIGA_LB
251,N_CEN,R_CD_NGA_R,2018,10.431484272404159,GIGA_LB
252,SE,R_CD_ELC_R,2014,62.91460218425483,GIGA_LB
253,SE,R_CD_ELC_R,2018,62.91460218425483,GIGA_LB
254,SE,R_CD_NGA_R,2014,2.82286981865674,GIGA_LB
255,SE,R_CD_NGA_R,2018,2.82286981865674,GIGA_LB
256,SW,R_CD_ELC_R,2014,15.233670474058249,GIGA_LB
257,SW,R_CD_ELC_R,2018,15.233670474058249,GIGA_LB
258,SW,R_CD_NGA_R,2014,2.951018604449633,GIGA_LB
259,SW,R_CD_NGA_R,2018,2.951018604449633,GIGA_LB
260,TX,R_CD_ELC_R,2014,21.639591641115295,GIGA_LB
261,TX,R_CD_ELC_R,2018,21.639591641115295,GIGA_LB
262,TX,R_CD_NGA_R,2014,3.630253089480936,GIGA_LB
263,TX,R_CD_NGA_R,2018,3.630253089480936,GIGA_LB
264,CA,R_DW_ELC_R,2014,2.5824936265824876,GIGA_CYCLE
265,CA,R_DW_ELC_R,2018,2.5824936265824876,GIGA_CYCLE
266,CEN,R_DW_ELC_R,2014,2.023030621435949,GIGA_CYCLE
267,CEN,R_DW_ELC_R,2018,2.023030621435949,GIGA_CYCLE
268,MID_AT,R_DW_ELC_R,2014,4.052477573372875,GIGA_CYCLE
269,MID_AT,R_DW_ELC_R,2018,4.052477573372875,GIGA_CYCLE
270,NE,R_DW_ELC_R,2014,2.4750878960705487,GIGA_CYCLE
271,NE,R_DW_ELC_R,2018,2.4750878960705487,GIGA_CYCLE
272,NW,R_DW_ELC_R,2014,1.2966715478486492,GIGA_CYCLE
273,NW,R_DW_ELC_R,2018,1.2966715478486492,GIGA_CYCLE
274,N_CEN,R_DW_ELC_R,2014,3.4412104707623263,GIGA_CYCLE
275,N_CEN,R_DW_ELC_R,2018,3.4412104707623263,GIGA_CYCLE
276,SE,R_DW_ELC_R,2014,5.438207845518748,GIGA_CYCLE
277,SE,R_DW_ELC_R,2018,5.438207845518748,GIGA_CYCLE
278,SW,R_DW_ELC_R,2014,1.8998175593927034,GIGA_CYCLE
279,SW,R_DW_ELC_R,2018,1.8998175593927034,GIGA_CYCLE
280,TX,R_DW_ELC_R,2014,1.9627479994553432,GIGA_CYCLE
281,TX,R_DW_ELC_R,2018,1.9627479994553432,GIGA_CYCLE
99,CA,R_LT_CFL_GSL_R,2014,14.245977422926115,Giga Lm-Y
100,CEN,R_LT_CFL_GSL_R,2014,9.098053846692713,Giga Lm-Y
101,MID_AT,R_LT_CFL_GSL_R,2014,17.743134621858314,Giga Lm-Y
102,NE,R_LT_CFL_GSL_R,2014,13.03629959553932,Giga Lm-Y
103,NW,R_LT_CFL_GSL_R,2014,5.417804242170644,Giga Lm-Y
104,N_CEN,R_LT_CFL_GSL_R,2014,16.090988463405957,Giga Lm-Y
105,SE,R_LT_CFL_GSL_R,2014,22.332650230177574,Giga Lm-Y
106,SW,R_LT_CFL_GSL_R,2014,6.842810108977952,Giga Lm-Y
107,TX,R_LT_CFL_GSL_R,2014,8.42217509707587,Giga Lm-Y
108,CA,R_LT_CFL_GSL_R,2018,14.245977422926115,Giga Lm-Y
109,CEN,R_LT_CFL_GSL_R,2018,9.098053846692713,Giga Lm-Y
110,MID_AT,R_LT_CFL_GSL_R,2018,17.743134621858314,Giga Lm-Y
111,NE,R_LT_CFL_GSL_R,2018,13.03629959553932,Giga Lm-Y
112,NW,R_LT_CFL_GSL_R,2018,5.417804242170644,Giga Lm-Y
113,N_CEN,R_LT_CFL_GSL_R,2018,16.090988463405957,Giga Lm-Y
114,SE,R_LT_CFL_GSL_R,2018,22.332650230177574,Giga Lm-Y
115,SW,R_LT_CFL_GSL_R,2018,6.842810108977952,Giga Lm-Y
116,TX,R_LT_CFL_GSL_R,2018,8.42217509707587,Giga Lm-Y
117,CA,R_LT_LED60_GSL_R,2005,0.4271204618018401,Giga Lm-Y
118,CEN,R_LT_LED60_GSL_R,2005,0.2727762964332449,Giga Lm-Y
119,MID_AT,R_LT_LED60_GSL_R,2005,0.5319716316062895,Giga Lm-Y
120,NE,R_LT_LED60_GSL_R,2005,0.39085210780084395,Giga Lm-Y
121,NW,R_LT_LED60_GSL_R,2005,0.16243568139760467,Giga Lm-Y
122,N_CEN,R_LT_LED60_GSL_R,2005,0.48243726767934314,Giga Lm-Y
123,SE,R_LT_LED60_GSL_R,2005,0.6695737046600767,Giga Lm-Y
124,SW,R_LT_LED60_GSL_R,2005,0.20515996389727878,Giga Lm-Y
125,TX,R_LT_LED60_GSL_R,2005,0.2525122152060889,Giga Lm-Y
126,CA,R_LT_LED60_GSL_R,2010,0.4271204618018401,Giga Lm-Y
127,CEN,R_LT_LED60_GSL_R,2010,0.2727762964332449,Giga Lm-Y
128,MID_AT,R_LT_LED60_GSL_R,2010,0.5319716316062895,Giga Lm-Y
129,NE,R_LT_LED60_GSL_R,2010,0.39085210780084395,Giga Lm-Y
130,NW,R_LT_LED60_GSL_R,2010,0.16243568139760467,Giga Lm-Y
131,N_CEN,R_LT_LED60_GSL_R,2010,0.48243726767934314,Giga Lm-Y
132,SE,R_LT_LED60_GSL_R,2010,0.6695737046600767,Giga Lm-Y
133,SW,R_LT_LED60_GSL_R,2010,0.20515996389727878,Giga Lm-Y
134,TX,R_LT_LED60_GSL_R,2010,0.2525122152060889,Giga Lm-Y
135,CA,R_LT_LED60_GSL_R,2015,0.4271204618018401,Giga Lm-Y
136,CEN,R_LT_LED60_GSL_R,2015,0.2727762964332449,Giga Lm-Y
137,MID_AT,R_LT_LED60_GSL_R,2015,0.5319716316062895,Giga Lm-Y
138,NE,R_LT_LED60_GSL_R,2015,0.39085210780084395,Giga Lm-Y
139,NW,R_LT_LED60_GSL_R,2015,0.16243568139760467,Giga Lm-Y
140,N_CEN,R_LT_LED60_GSL_R,2015,0.48243726767934314,Giga Lm-Y
141,SE,R_LT_LED60_GSL_R,2015,0.6695737046600767,Giga Lm-Y
142,SW,R_LT_LED60_GSL_R,2015,0.20515996389727878,Giga Lm-Y
143,TX,R_LT_LED60_GSL_R,2015,0.2525122152060889,Giga Lm-Y
171,CA,R_LT_T8_LFL_R,2005,2.939688935961927,Giga Lm-Y
172,CEN,R_LT_T8_LFL_R,2005,1.877403525072754,Giga Lm-Y
173,MID_AT,R_LT_T8_LFL_R,2005,3.661335055411482,Giga Lm-Y
174,NE,R_LT_T8_LFL_R,2005,2.690069241947485,Giga Lm-Y
175,NW,R_LT_T8_LFL_R,2005,1.1179758829524609,Giga Lm-Y
176,N_CEN,R_LT_T8_LFL_R,2005,3.320411043080935,Giga Lm-Y
177,SE,R_LT_T8_LFL_R,2005,4.608391747603656,Giga Lm-Y
178,SW,R_LT_T8_LFL_R,2005,1.412028993944538,Giga Lm-Y
179,TX,R_LT_T8_LFL_R,2005,1.7379344508691852,Giga Lm-Y
180,CA,R_LT_T8_LFL_R,2010,2.939688935961927,Giga Lm-Y
181,CEN,R_LT_T8_LFL_R,2010,1.877403525072754,Giga Lm-Y
182,MID_AT,R_LT_T8_LFL_R,2010,3.661335055411482,Giga Lm-Y
183,NE,R_LT_T8_LFL_R,2010,2.690069241947485,Giga Lm-Y
184,NW,R_LT_T8_LFL_R,2010,1.1179758829524609,Giga Lm-Y
185,N_CEN,R_LT_T8_LFL_R,2010,3.320411043080935,Giga Lm-Y
186,SE,R_LT_T8_LFL_R,2010,4.608391747603656,Giga Lm-Y
187,SW,R_LT_T8_LFL_R,2010,1.412028993944538,Giga Lm-Y
188,TX,R_LT_T8_LFL_R,2010,1.7379344508691852,Giga Lm-Y
189,CA,R_LT_T8_LFL_R,2015,2.939688935961927,Giga Lm-Y
190,CEN,R_LT_T8_LFL_R,2015,1.877403525072754,Giga Lm-Y
191,MID_AT,R_LT_T8_LFL_R,2015,3.661335055411482,Giga Lm-Y
192,NE,R_LT_T8_LFL_R,2015,2.690069241947485,Giga Lm-Y
193,NW,R_LT_T8_LFL_R,2015,1.1179758829524609,Giga Lm-Y
194,N_CEN,R_LT_T8_LFL_R,2015,3.320411043080935,Giga Lm-Y
195,SE,R_LT_T8_LFL_R,2015,4.608391747603656,Giga Lm-Y
196,SW,R_LT_T8_LFL_R,2015,1.412028993944538,Giga Lm-Y
197,TX,R_LT_T8_LFL_R,2015,1.7379344508691852,Giga Lm-Y
252,CA,R_LT_CFL_ROL_R,2014,0.8734128079686522,Giga Lm-Y
253,CEN,R_LT_CFL_ROL_R,2014,0.5577965288995739,Giga Lm-Y
254,MID_AT,R_LT_CFL_ROL_R,2014,1.0878215353130913,Giga Lm-Y
255,NE,R_LT_CFL_ROL_R,2014,0.7992481454404787,Giga Lm-Y
256,NW,R_LT_CFL_ROL_R,2014,0.3321625098579437,Giga Lm-Y
257,N_CEN,R_LT_CFL_ROL_R,2014,0.9865293899874756,Giga Lm-Y
258,SE,R_LT_CFL_ROL_R,2014,1.3692021381088757,Giga Lm-Y
259,SW,R_LT_CFL_ROL_R,2014,0.41952881253767493,Giga Lm-Y
260,TX,R_LT_CFL_ROL_R,2014,0.5163587855265432,Giga Lm-Y
261,CA,R_LT_CFL_ROL_R,2018,0.8734128079686522,Giga Lm-Y
262,CEN,R_LT_CFL_ROL_R,2018,0.5577965288995739,Giga Lm-Y
263,MID_AT,R_LT_CFL_ROL_R,2018,1.0878215353130913,Giga Lm-Y
264,NE,R_LT_CFL_ROL_R,2018,0.7992481454404787,Giga Lm-Y
265,NW,R_LT_CFL_ROL_R,2018,0.3321625098579437,Giga Lm-Y
266,N_CEN,R_LT_CFL_ROL_R,2018,0.9865293899874756,Giga Lm-Y
267,SE,R_LT_CFL_ROL_R,2018,1.3692021381088757,Giga Lm-Y
268,SW,R_LT_CFL_ROL_R,2018,0.41952881253767493,Giga Lm-Y
269,TX,R_LT_CFL_ROL_R,2018,0.5163587855265432,Giga Lm-Y
270,CA,R_LT_HAL_ROL_R,2019,0.46772926328375874,Giga Lm-Y
271,CEN,R_LT_HAL_ROL_R,2019,0.29871070946534534,Giga Lm-Y
272,MID_AT,R_LT_HAL_ROL_R,2019,0.5825492374900703,Giga Lm-Y
273,NE,R_LT_HAL_ROL_R,2019,0.42801266805009214,Giga Lm-Y
274,NW,R_LT_HAL_ROL_R,2019,0.17787937686381675,Giga Lm-Y
275,N_CEN,R_LT_HAL_ROL_R,2019,0.5283053563867353,Giga Lm-Y
276,SE,R_LT_HAL_ROL_R,2019,0.733233931883441,Giga Lm-Y
277,SW,R_LT_HAL_ROL_R,2019,0.22466570288902796,Giga Lm-Y
278,TX,R_LT_HAL_ROL_R,2019,0.2765200053639409,Giga Lm-Y
288,CA,R_LT_INC_ROL_R,2019,0.40986306940580874,Giga Lm-Y
289,CEN,R_LT_INC_ROL_R,2019,0.2617550319308924,Giga Lm-Y
290,MID_AT,R_LT_INC_ROL_R,2019,0.5104778283090656,Giga Lm-Y
291,NE,R_LT_INC_ROL_R,2019,0.3750601034452546,Giga Lm-Y
292,NW,R_LT_INC_ROL_R,2019,0.15587262356335888,Giga Lm-Y
293,N_CEN,R_LT_INC_ROL_R,2019,0.462944852823611,Giga Lm-Y
294,SE,R_LT_INC_ROL_R,2019,0.6425202216435097,Giga Lm-Y
295,SW,R_LT_INC_ROL_R,2019,0.1968706724266824,Giga Lm-Y
296,TX,R_LT_INC_ROL_R,2019,0.24230970146038944,Giga Lm-Y
324,CA,R_LT_INC_RFL_R,2019,0.9734247898387952,Giga Lm-Y
325,CEN,R_LT_INC_RFL_R,2019,0.6216682008358676,Giga Lm-Y
326,MID_AT,R_LT_INC_RFL_R,2019,1.2123848422340338,Giga Lm-Y
327,NE,R_LT_INC_RFL_R,2019,0.8907677456824811,Giga Lm-Y
328,NW,R_LT_INC_RFL_R,2019,0.3701974809629774,Giga Lm-Y
329,N_CEN,R_LT_INC_RFL_R,2019,1.0994940254560759,Giga Lm-Y
330,SE,R_LT_INC_RFL_R,2019,1.5259855264033393,Giga Lm-Y
331,SW,R_LT_INC_RFL_R,2019,0.46756784701337173,Giga Lm-Y
332,TX,R_LT_INC_RFL_R,2019,0.5754855409684231,Giga Lm-Y
333,CA,R_LT_CFL_RFL_R,2014,0.5943823446652785,Giga Lm-Y
334,CEN,R_LT_CFL_RFL_R,2014,0.37959645847714896,Giga Lm-Y
335,MID_AT,R_LT_CFL_RFL_R,2014,0.7402936032511029,Giga Lm-Y
336,NE,R_LT_CFL_RFL_R,2014,0.5439111750160375,Giga Lm-Y
337,NW,R_LT_CFL_RFL_R,2014,0.22604606850046835,Giga Lm-Y
338,N_CEN,R_LT_CFL_RFL_R,2014,0.671361407288874,Giga Lm-Y
339,SE,R_LT_CFL_RFL_R,2014,0.9317811345847307,Giga Lm-Y
340,SW,R_LT_CFL_RFL_R,2014,0.2855013310724584,Giga Lm-Y
341,TX,R_LT_CFL_RFL_R,2014,0.35139689140074726,Giga Lm-Y
342,CA,R_LT_CFL_RFL_R,2018,0.5943823446652785,Giga Lm-Y
343,CEN,R_LT_CFL_RFL_R,2018,0.37959645847714896,Giga Lm-Y
344,MID_AT,R_LT_CFL_RFL_R,2018,0.7402936032511029,Giga Lm-Y
345,NE,R_LT_CFL_RFL_R,2018,0.5439111750160375,Giga Lm-Y
346,NW,R_LT_CFL_RFL_R,2018,0.22604606850046835,Giga Lm-Y
347,N_CEN,R_LT_CFL_RFL_R,2018,0.671361407288874,Giga Lm-Y
348,SE,R_LT_CFL_RFL_R,2018,0.9317811345847307,Giga Lm-Y
349,SW,R_LT_CFL_RFL_R,2018,0.2855013310724584,Giga Lm-Y
350,TX,R_LT_CFL_RFL_R,2018,0.35139689140074726,Giga Lm-Y
351,CA,R_LT_HIR_RFL_R,2019,1.0221769233575895,Giga Lm-Y
352,CEN,R_LT_HIR_RFL_R,2019,0.6528032730550176,Giga Lm-Y
353,MID_AT,R_LT_HIR_RFL_R,2019,1.2731048365486906,Giga Lm-Y
354,NE,R_LT_HIR_RFL_R,2019,0.9353801579870231,Giga Lm-Y
355,NW,R_LT_HIR_RFL_R,2019,0.3887381193447237,Giga Lm-Y
356,N_CEN,R_LT_HIR_RFL_R,2019,1.1545600974235162,Giga Lm-Y
357,SE,R_LT_HIR_RFL_R,2019,1.6024116159251418,Giga Lm-Y
358,SW,R_LT_HIR_RFL_R,2019,0.49098509541780827,Giga Lm-Y
359,TX,R_LT_HIR_RFL_R,2019,0.6043076423000286,Giga Lm-Y
387,CA,R_LT_HAL_RFL_R,2019,0.8328849005135922,Giga Lm-Y
388,CEN,R_LT_HAL_RFL_R,2019,0.5319137780448295,Giga Lm-Y
389,MID_AT,R_LT_HAL_RFL_R,2019,1.0373446816322671,Giga Lm-Y
390,NE,R_LT_HAL_RFL_R,2019,0.7621616102116491,Giga Lm-Y
391,NW,R_LT_HAL_RFL_R,2019,0.31674957872533066,Giga Lm-Y
392,N_CEN,R_LT_HAL_RFL_R,2019,0.9407526719747176,Giga Lm-Y
393,SE,R_LT_HAL_RFL_R,2019,1.3056687240871538,Giga Lm-Y
394,SW,R_LT_HAL_RFL_R,2019,0.400061929599696,Giga Lm-Y
395,TX,R_LT_HAL_RFL_R,2019,0.49239881965187565,Giga Lm-Y
693,CA,R_WH_OF_DISTOIL_R,2014,0.5788475004811323,PJ
695,MID_AT,R_WH_OF_DISTOIL_R,2014,53.06061835528387,PJ
696,NE,R_WH_OF_DISTOIL_R,2014,156.19158717255348,PJ
697,NW,R_WH_OF_DISTOIL_R,2014,0.16410702278765762,PJ
698,N_CEN,R_WH_OF_DISTOIL_R,2014,0.05574411412462505,PJ
699,SE,R_WH_OF_DISTOIL_R,2014,2.4027255242944503,PJ
702,CA,R_WH_OF_DISTOIL_R,2018,0.5788475004811323,PJ
704,MID_AT,R_WH_OF_DISTOIL_R,2018,53.06061835528387,PJ
705,NE,R_WH_OF_DISTOIL_R,2018,156.19158717255348,PJ
706,NW,R_WH_OF_DISTOIL_R,2018,0.16410702278765762,PJ
707,N_CEN,R_WH_OF_DISTOIL_R,2018,0.05574411412462505,PJ
708,SE,R_WH_OF_DISTOIL_R,2018,2.4027255242944503,PJ
729,CA,R_WH_ELC_R,2014,195.93987310723398,PJ
730,CEN,R_WH_ELC_R,2014,183.76908768695574,PJ
731,MID_AT,R_WH_ELC_R,2014,358.59655896383094,PJ
732,NE,R_WH_ELC_R,2014,134.8064015674097,PJ
733,NW,R_WH_ELC_R,2014,75.20816491478627,PJ
734,N_CEN,R_WH_ELC_R,2014,202.79758877543105,PJ
735,SE,R_WH_ELC_R,2014,821.7073308576355,PJ
736,SW,R_WH_ELC_R,2014,97.54733192756075,PJ
737,TX,R_WH_ELC_R,2014,200.6380877475071,PJ
738,CA,R_WH_ELC_R,2018,195.93987310723398,PJ
739,CEN,R_WH_ELC_R,2018,183.76908768695574,PJ
740,MID_AT,R_WH_ELC_R,2018,358.59655896383094,PJ
741,NE,R_WH_ELC_R,2018,134.8064015674097,PJ
742,NW,R_WH_ELC_R,2018,75.20816491478627,PJ
743,N_CEN,R_WH_ELC_R,2018,202.79758877543105,PJ
744,SE,R_WH_ELC_R,2018,821.7073308576355,PJ
745,SW,R_WH_ELC_R,2018,97.54733192756075,PJ
746,TX,R_WH_ELC_R,2018,200.6380877475071,PJ
747,CA,R_WH_GF_NGA_R,2014,648.749196909995,PJ
748,CEN,R_WH_GF_NGA_R,2014,346.41849901612767,PJ
749,MID_AT,R_WH_GF_NGA_R,2014,651.7779626244596,PJ
750,NE,R_WH_GF_NGA_R,2014,492.5119232856935,PJ
751,NW,R_WH_GF_NGA_R,2014,243.5986982034778,PJ
752,N_CEN,R_WH_GF_NGA_R,2014,743.2647609175191,PJ
753,SE,R_WH_GF_NGA_R,2014,518.0419633999786,PJ
754,SW,R_WH_GF_NGA_R,2014,296.1169146624416,PJ
755,TX,R_WH_GF_NGA_R,2014,295.084369304652,PJ
756,CA,R_WH_GF_NGA_R,2018,648.749196909995,PJ
757,CEN,R_WH_GF_NGA_R,2018,346.41849901612767,PJ
758,MID_AT,R_WH_GF_NGA_R,2018,651.7779626244596,PJ
759,NE,R_WH_GF_NGA_R,2018,492.5119232856935,PJ
760,NW,R_WH_GF_NGA_R,2018,243.5986982034778,PJ
761,N_CEN,R_WH_GF_NGA_R,2018,743.2647609175191,PJ
762,SE,R_WH_GF_NGA_R,2018,518.0419633999786,PJ
763,SW,R_WH_GF_NGA_R,2018,296.1169146624416,PJ
764,TX,R_WH_GF_NGA_R,2018,295.084369304652,PJ
792,CA,R_WH_SOLELC_R,2005,1.1846538156860957,PJ
794,MID_AT,R_WH_SOLELC_R,2005,0.28003347326169375,PJ
795,NE,R_WH_SOLELC_R,2005,0.06124522443385667,PJ
796,NW,R_WH_SOLELC_R,2005,0.4394377266900634,PJ
797,N_CEN,R_WH_SOLELC_R,2005,0.3644280680562066,PJ
798,SE,R_WH_SOLELC_R,2005,0.3973412402798863,PJ
799,SW,R_WH_SOLELC_R,2005,0.5139917775067042,PJ
801,CA,R_WH_SOLELC_R,2010,1.1846538156860957,PJ
803,MID_AT,R_WH_SOLELC_R,2010,0.28003347326169375,PJ
804,NE,R_WH_SOLELC_R,2010,0.06124522443385667,PJ
805,NW,R_WH_SOLELC_R,2010,0.4394377266900634,PJ
806,N_CEN,R_WH_SOLELC_R,2010,0.3644280680562066,PJ
807,SE,R_WH_SOLELC_R,2010,0.3973412402798863,PJ
808,SW,R_WH_SOLELC_R,2010,0.5139917775067042,PJ
810,CA,R_WH_SOLELC_R,2015,1.1846538156860957,PJ
812,MID_AT,R_WH_SOLELC_R,2015,0.28003347326169375,PJ
813,NE,R_WH_SOLELC_R,2015,0.06124522443385667,PJ
814,NW,R_WH_SOLELC_R,2015,0.4394377266900634,PJ
815,N_CEN,R_WH_SOLELC_R,2015,0.3644280680562066,PJ
816,SE,R_WH_SOLELC_R,2015,0.3973412402798863,PJ
817,SW,R_WH_SOLELC_R,2015,0.5139917775067042,PJ
1353,CA,R_RF_SFELC_R,2005,43.07334783358209,MEGA_CUBIC_FEET
1354,CEN,R_RF_SFELC_R,2005,30.49729173871956,MEGA_CUBIC_FEET
1355,MID_AT,R_RF_SFELC_R,2005,65.5762227747107,MEGA_CUBIC_FEET
1356,NE,R_RF_SFELC_R,2005,43.453940064356466,MEGA_CUBIC_FEET
1357,NW,R_RF_SFELC_R,2005,18.7343401590877,MEGA_CUBIC_FEET
1358,N_CEN,R_RF_SFELC_R,2005,60.89678824294536,MEGA_CUBIC_FEET
1359,SE,R_RF_SFELC_R,2005,78.4477721528195,MEGA_CUBIC_FEET
1360,SW,R_RF_SFELC_R,2005,26.36019132021084,MEGA_CUBIC_FEET
1361,TX,R_RF_SFELC_R,2005,28.983979129883426,MEGA_CUBIC_FEET
1362,CA,R_RF_SFELC_R,2010,43.07334783358209,MEGA_CUBIC_FEET
1363,CEN,R_RF_SFELC_R,2010,30.49729173871956,MEGA_CUBIC_FEET
1364,MID_AT,R_RF_SFELC_R,2010,65.5762227747107,MEGA_CUBIC_FEET
1365,NE,R_RF_SFELC_R,2010,43.453940064356466,MEGA_CUBIC_FEET
1366,NW,R_RF_SFELC_R,2010,18.7343401590877,MEGA_CUBIC_FEET
1367,N_CEN,R_RF_SFELC_R,2010,60.89678824294536,MEGA_CUBIC_FEET
1368,SE,R_RF_SFELC_R,2010,78.4477721528195,MEGA_CUBIC_FEET
1369,SW,R_RF_SFELC_R,2010,26.36019132021084,MEGA_CUBIC_FEET
1370,TX,R_RF_SFELC_R,2010,28.983979129883426,MEGA_CUBIC_FEET
1371,CA,R_RF_SFELC_R,2015,43.07334783358209,MEGA_CUBIC_FEET
1372,CEN,R_RF_SFELC_R,2015,30.49729173871956,MEGA_CUBIC_FEET
1373,MID_AT,R_RF_SFELC_R,2015,65.5762227747107,MEGA_CUBIC_FEET
1374,NE,R_RF_SFELC_R,2015,43.453940064356466,MEGA_CUBIC_FEET
1375,NW,R_RF_SFELC_R,2015,18.7343401590877,MEGA_CUBIC_FEET
1376,N_CEN,R_RF_SFELC_R,2015,60.89678824294536,MEGA_CUBIC_FEET
1377,SE,R_RF_SFELC_R,2015,78.4477721528195,MEGA_CUBIC_FEET
1378,SW,R_RF_SFELC_R,2015,26.36019132021084,MEGA_CUBIC_FEET
1379,TX,R_RF_SFELC_R,2015,28.983979129883426,MEGA_CUBIC_FEET
1380,CA,R_RF_TFELC_R,2005,54.559563791239746,MEGA_CUBIC_FEET
1381,CEN,R_RF_TFELC_R,2005,38.629896952757065,MEGA_CUBIC_FEET
1382,MID_AT,R_RF_TFELC_R,2005,83.06310655205883,MEGA_CUBIC_FEET
1383,NE,R_RF_TFELC_R,2005,55.04165705378946,MEGA_CUBIC_FEET
1384,NW,R_RF_TFELC_R,2005,23.730165800505727,MEGA_CUBIC_FEET
1385,N_CEN,R_RF_TFELC_R,2005,77.13596824388206,MEGA_CUBIC_FEET
1386,SE,R_RF_TFELC_R,2005,99.36698590235508,MEGA_CUBIC_FEET
1387,SW,R_RF_TFELC_R,2005,33.38960419045639,MEGA_CUBIC_FEET
1388,TX,R_RF_TFELC_R,2005,36.71307154667089,MEGA_CUBIC_FEET
1389,CA,R_RF_TFELC_R,2010,54.559563791239746,MEGA_CUBIC_FEET
1390,CEN,R_RF_TFELC_R,2010,38.629896952757065,MEGA_CUBIC_FEET
1391,MID_AT,R_RF_TFELC_R,2010,83.06310655205883,MEGA_CUBIC_FEET
1392,NE,R_RF_TFELC_R,2010,55.04165705378946,MEGA_CUBIC_FEET
1393,NW,R_RF_TFELC_R,2010,23.730165800505727,MEGA_CUBIC_FEET
1394,N_CEN,R_RF_TFELC_R,2010,77.13596824388206,MEGA_CUBIC_FEET
1395,SE,R_RF_TFELC_R,2010,99.36698590235508,MEGA_CUBIC_FEET
1396,SW,R_RF_TFELC_R,2010,33.38960419045639,MEGA_CUBIC_FEET
1397,TX,R_RF_TFELC_R,2010,36.71307154667089,MEGA_CUBIC_FEET
1398,CA,R_RF_TFELC_R,2015,54.559563791239746,MEGA_CUBIC_FEET
1399,CEN,R_RF_TFELC_R,2015,38.629896952757065,MEGA_CUBIC_FEET
1400,MID_AT,R_RF_TFELC_R,2015,83.06310655205883,MEGA_CUBIC_FEET
1401,NE,R_RF_TFELC_R,2015,55.04165705378946,MEGA_CUBIC_FEET
1402,NW,R_RF_TFELC_R,2015,23.730165800505727,MEGA_CUBIC_FEET
1403,N_CEN,R_RF_TFELC_R,2015,77.13596824388206,MEGA_CUBIC_FEET
1404,SE,R_RF_TFELC_R,2015,99.36698590235508,MEGA_CUBIC_FEET
1405,SW,R_RF_TFELC_R,2015,33.38960419045639,MEGA_CUBIC_FEET
1406,TX,R_RF_TFELC_R,2015,36.71307154667089,MEGA_CUBIC_FEET
1407,CA,R_RF_BFELC_R,2005,20.873991980598728,MEGA_CUBIC_FEET
1408,CEN,R_RF_BFELC_R,2005,14.779440048975546,MEGA_CUBIC_FEET
1409,MID_AT,R_RF_BFELC_R,2005,31.77923294068637,MEGA_CUBIC_FEET
1410,NE,R_RF_BFELC_R,2005,21.058454098663635,MEGA_CUBIC_FEET
1411,NW,R_RF_BFELC_R,2005,9.078943751003528,MEGA_CUBIC_FEET
1412,N_CEN,R_RF_BFELC_R,2005,29.511533440528858,MEGA_CUBIC_FEET
1413,SE,R_RF_BFELC_R,2005,38.0169583773619,MEGA_CUBIC_FEET
1414,SW,R_RF_BFELC_R,2005,12.774549866110446,MEGA_CUBIC_FEET
1415,TX,R_RF_BFELC_R,2005,14.046061210437133,MEGA_CUBIC_FEET
1416,CA,R_RF_BFELC_R,2010,20.873991980598728,MEGA_CUBIC_FEET
1417,CEN,R_RF_BFELC_R,2010,14.779440048975546,MEGA_CUBIC_FEET
1418,MID_AT,R_RF_BFELC_R,2010,31.77923294068637,MEGA_CUBIC_FEET
1419,NE,R_RF_BFELC_R,2010,21.058454098663635,MEGA_CUBIC_FEET
1420,NW,R_RF_BFELC_R,2010,9.078943751003528,MEGA_CUBIC_FEET
1421,N_CEN,R_RF_BFELC_R,2010,29.511533440528858,MEGA_CUBIC_FEET
1422,SE,R_RF_BFELC_R,2010,38.0169583773619,MEGA_CUBIC_FEET
1423,SW,R_RF_BFELC_R,2010,12.774549866110446,MEGA_CUBIC_FEET
1424,TX,R_RF_BFELC_R,2010,14.046061210437133,MEGA_CUBIC_FEET
1425,CA,R_RF_BFELC_R,2015,20.873991980598728,MEGA_CUBIC_FEET
1426,CEN,R_RF_BFELC_R,2015,14.779440048975546,MEGA_CUBIC_FEET
1427,MID_AT,R_RF_BFELC_R,2015,31.77923294068637,MEGA_CUBIC_FEET
1428,NE,R_RF_BFELC_R,2015,21.058454098663635,MEGA_CUBIC_FEET
1429,NW,R_RF_BFELC_R,2015,9.078943751003528,MEGA_CUBIC_FEET
1430,N_CEN,R_RF_BFELC_R,2015,29.511533440528858,MEGA_CUBIC_FEET
1431,SE,R_RF_BFELC_R,2015,38.0169583773619,MEGA_CUBIC_FEET
1432,SW,R_RF_BFELC_R,2015,12.774549866110446,MEGA_CUBIC_FEET
1433,TX,R_RF_BFELC_R,2015,14.046061210437133,MEGA_CUBIC_FEET
1434,CA,R_FZ_CHEST_R,2005,9.435862333750043,MEGA_CUBIC_FEET
1435,CEN,R_FZ_CHEST_R,2005,13.589845042894801,MEGA_CUBIC_FEET
1436,MID_AT,R_FZ_CHEST_R,2005,21.099786527132522,MEGA_CUBIC_FEET
1437,NE,R_FZ_CHEST_R,2005,10.733943692603164,MEGA_CUBIC_FEET
1438,NW,R_FZ_CHEST_R,2005,4.83946389269857,MEGA_CUBIC_FEET
1439,N_CEN,R_FZ_CHEST_R,2005,26.00381853803682,MEGA_CUBIC_FEET
1440,SE,R_FZ_CHEST_R,2005,30.3177386745449,MEGA_CUBIC_FEET
1441,SW,R_FZ_CHEST_R,2005,10.026159857673077,MEGA_CUBIC_FEET
1442,TX,R_FZ_CHEST_R,2005,10.676960971090418,MEGA_CUBIC_FEET
1443,CA,R_FZ_CHEST_R,2010,9.435862333750043,MEGA_CUBIC_FEET
1444,CEN,R_FZ_CHEST_R,2010,13.589845042894801,MEGA_CUBIC_FEET
1445,MID_AT,R_FZ_CHEST_R,2010,21.099786527132522,MEGA_CUBIC_FEET
1446,NE,R_FZ_CHEST_R,2010,10.733943692603164,MEGA_CUBIC_FEET
1447,NW,R_FZ_CHEST_R,2010,4.83946389269857,MEGA_CUBIC_FEET
1448,N_CEN,R_FZ_CHEST_R,2010,26.00381853803682,MEGA_CUBIC_FEET
1449,SE,R_FZ_CHEST_R,2010,30.3177386745449,MEGA_CUBIC_FEET
1450,SW,R_FZ_CHEST_R,2010,10.026159857673077,MEGA_CUBIC_FEET
1451,TX,R_FZ_CHEST_R,2010,10.676960971090418,MEGA_CUBIC_FEET
1452,CA,R_FZ_CHEST_R,2015,9.435862333750043,MEGA_CUBIC_FEET
1453,CEN,R_FZ_CHEST_R,2015,13.589845042894801,MEGA_CUBIC_FEET
1454,MID_AT,R_FZ_CHEST_R,2015,21.099786527132522,MEGA_CUBIC_FEET
1455,NE,R_FZ_CHEST_R,2015,10.733943692603164,MEGA_CUBIC_FEET
1456,NW,R_FZ_CHEST_R,2015,4.83946389269857,MEGA_CUBIC_FEET
1457,N_CEN,R_FZ_CHEST_R,2015,26.00381853803682,MEGA_CUBIC_FEET
1458,SE,R_FZ_CHEST_R,2015,30.3177386745449,MEGA_CUBIC_FEET
1459,SW,R_FZ_CHEST_R,2015,10.026159857673077,MEGA_CUBIC_FEET
1460,TX,R_FZ_CHEST_R,2015,10.676960971090418,MEGA_CUBIC_FEET
1461,CA,R_FZ_UPRIGHT_R,2005,6.2905755378446955,MEGA_CUBIC_FEET
1462,CEN,R_FZ_UPRIGHT_R,2005,9.059887157284146,MEGA_CUBIC_FEET
1463,MID_AT,R_FZ_UPRIGHT_R,2005,14.066524254592395,MEGA_CUBIC_FEET
1464,NE,R_FZ_UPRIGHT_R,2005,7.155964727974522,MEGA_CUBIC_FEET
1465,NW,R_FZ_UPRIGHT_R,2005,3.2263055003833268,MEGA_CUBIC_FEET
1466,N_CEN,R_FZ_UPRIGHT_R,2005,17.335857649212763,MEGA_CUBIC_FEET
1467,SE,R_FZ_UPRIGHT_R,2005,20.211823744538087,MEGA_CUBIC_FEET
1468,SW,R_FZ_UPRIGHT_R,2005,6.684083592616589,MEGA_CUBIC_FEET
1469,TX,R_FZ_UPRIGHT_R,2005,7.117966303636909,MEGA_CUBIC_FEET
1470,CA,R_FZ_UPRIGHT_R,2010,6.2905755378446955,MEGA_CUBIC_FEET
1471,CEN,R_FZ_UPRIGHT_R,2010,9.059887157284146,MEGA_CUBIC_FEET
1472,MID_AT,R_FZ_UPRIGHT_R,2010,14.066524254592395,MEGA_CUBIC_FEET
1473,NE,R_FZ_UPRIGHT_R,2010,7.155964727974522,MEGA_CUBIC_FEET
1474,NW,R_FZ_UPRIGHT_R,2010,3.2263055003833268,MEGA_CUBIC_FEET
1475,N_CEN,R_FZ_UPRIGHT_R,2010,17.335857649212763,MEGA_CUBIC_FEET
1476,SE,R_FZ_UPRIGHT_R,2010,20.211823744538087,MEGA_CUBIC_FEET
1477,SW,R_FZ_UPRIGHT_R,2010,6.684083592616589,MEGA_CUBIC_FEET
1478,TX,R_FZ_UPRIGHT_R,2010,7.117966303636909,MEGA_CUBIC_FEET
1479,CA,R_FZ_UPRIGHT_R,2015,6.2905755378446955,MEGA_CUBIC_FEET
1480,CEN,R_FZ_UPRIGHT_R,2015,9.059887157284146,MEGA_CUBIC_FEET
1481,MID_AT,R_FZ_UPRIGHT_R,2015,14.066524254592395,MEGA_CUBIC_FEET
1482,NE,R_FZ_UPRIGHT_R,2015,7.155964727974522,MEGA_CUBIC_FEET
1483,NW,R_FZ_UPRIGHT_R,2015,3.2263055003833268,MEGA_CUBIC_FEET
1484,N_CEN,R_FZ_UPRIGHT_R,2015,17.335857649212763,MEGA_CUBIC_FEET
1485,SE,R_FZ_UPRIGHT_R,2015,20.211823744538087,MEGA_CUBIC_FEET
1486,SW,R_FZ_UPRIGHT_R,2015,6.684083592616589,MEGA_CUBIC_FEET
1487,TX,R_FZ_UPRIGHT_R,2015,7.117966303636909,MEGA_CUBIC_FEET
1488,CA,R_CK_TOP_NGA_R,2014,3.6544322439247563,PJ
1489,CEN,R_CK_TOP_NGA_R,2014,1.4863934011845943,PJ
1490,MID_AT,R_CK_TOP_NGA_R,2014,4.226187267058961,PJ
1491,NE,R_CK_TOP_NGA_R,2014,3.2200853028362184,PJ
1492,NW,R_CK_TOP_NGA_R,2014,1.419324753441085,PJ
1493,N_CEN,R_CK_TOP_NGA_R,2014,3.8078560504472194,PJ
1494,SE,R_CK_TOP_NGA_R,2014,2.0232577391780047,PJ
1495,SW,R_CK_TOP_NGA_R,2014,1.252884064372988,PJ
1496,TX,R_CK_TOP_NGA_R,2014,1.741469258430241,PJ
1497,CA,R_CK_TOP_NGA_R,2018,3.6544322439247563,PJ
1498,CEN,R_CK_TOP_NGA_R,2018,1.4863934011845943,PJ
1499,MID_AT,R_CK_TOP_NGA_R,2018,4.226187267058961,PJ
1500,NE,R_CK_TOP_NGA_R,2018,3.2200853028362184,PJ
1501,NW,R_CK_TOP_NGA_R,2018,1.419324753441085,PJ
1502,N_CEN,R_CK_TOP_NGA_R,2018,3.8078560504472194,PJ
1503,SE,R_CK_TOP_NGA_R,2018,2.0232577391780047,PJ
1504,SW,R_CK_TOP_NGA_R,2018,1.252884064372988,PJ
1505,TX,R_CK_TOP_NGA_R,2018,1.741469258430241,PJ
1506,CA,R_CK_OV_NGA_R,2014,3.6544322439247563,PJ
1507,CEN,R_CK_OV_NGA_R,2014,1.4863934011845943,PJ
1508,MID_AT,R_CK_OV_NGA_R,2014,4.226187267058961,PJ
1509,NE,R_CK_OV_NGA_R,2014,3.2200853028362184,PJ
1510,NW,R_CK_OV_NGA_R,2014,1.419324753441085,PJ
1511,N_CEN,R_CK_OV_NGA_R,2014,3.8078560504472194,PJ
1512,SE,R_CK_OV_NGA_R,2014,2.0232577391780047,PJ
1513,SW,R_CK_OV_NGA_R,2014,1.252884064372988,PJ
1514,TX,R_CK_OV_NGA_R,2014,1.741469258430241,PJ
1515,CA,R_CK_OV_NGA_R,2018,3.6544322439247563,PJ
1516,CEN,R_CK_OV_NGA_R,2018,1.4863934011845943,PJ
1517,MID_AT,R_CK_OV_NGA_R,2018,4.226187267058961,PJ
1518,NE,R_CK_OV_NGA_R,2018,3.2200853028362184,PJ
1519,NW,R_CK_OV_NGA_R,2018,1.419324753441085,PJ
1520,N_CEN,R_CK_OV_NGA_R,2018,3.8078560504472194,PJ
1521,SE,R_CK_OV_NGA_R,2018,2.0232577391780047,PJ
1522,SW,R_CK_OV_NGA_R,2018,1.252884064372988,PJ
1523,TX,R_CK_OV_NGA_R,2018,1.741469258430241,PJ
1524,CA,R_CK_TOP_ELC_R,2014,3.2544250625128073,PJ
1525,CEN,R_CK_TOP_ELC_R,2014,3.616202212030991,PJ
1526,MID_AT,R_CK_TOP_ELC_R,2014,6.245547220097939,PJ
1527,NE,R_CK_TOP_ELC_R,2014,3.3574464793328285,PJ
1528,NW,R_CK_TOP_ELC_R,2014,1.506278996699663,PJ
1529,N_CEN,R_CK_TOP_ELC_R,2014,5.516316821074517,PJ
1530,SE,R_CK_TOP_ELC_R,2014,12.008517330129935,PJ
1531,SW,R_CK_TOP_ELC_R,2014,2.516566909845299,PJ
1532,TX,R_CK_TOP_ELC_R,2014,3.557830103582636,PJ
1533,CA,R_CK_TOP_ELC_R,2018,3.2544250625128073,PJ
1534,CEN,R_CK_TOP_ELC_R,2018,3.616202212030991,PJ
1535,MID_AT,R_CK_TOP_ELC_R,2018,6.245547220097939,PJ
1536,NE,R_CK_TOP_ELC_R,2018,3.3574464793328285,PJ
1537,NW,R_CK_TOP_ELC_R,2018,1.506278996699663,PJ
1538,N_CEN,R_CK_TOP_ELC_R,2018,5.516316821074517,PJ
1539,SE,R_CK_TOP_ELC_R,2018,12.008517330129935,PJ
1540,SW,R_CK_TOP_ELC_R,2018,2.516566909845299,PJ
1541,TX,R_CK_TOP_ELC_R,2018,3.557830103582636,PJ
1632,CA,R_OW_ELC_R,2005,53.20466757779804,PJ
1633,CEN,R_OW_ELC_R,2005,67.47983775603427,PJ
1634,MID_AT,R_OW_ELC_R,2005,102.28922258112033,PJ
1635,NE,R_OW_ELC_R,2005,51.19138439769153,PJ
1636,NW,R_OW_ELC_R,2005,24.676482242608806,PJ
1637,N_CEN,R_OW_ELC_R,2005,100.89802515338305,PJ
1638,SE,R_OW_ELC_R,2005,172.21565317788878,PJ
1639,SW,R_OW_ELC_R,2005,41.43796447101528,PJ
1640,TX,R_OW_ELC_R,2005,74.91650566678395,PJ
1641,CA,R_OW_ELC_R,2010,53.20466757779804,PJ
1642,CEN,R_OW_ELC_R,2010,67.47983775603427,PJ
1643,MID_AT,R_OW_ELC_R,2010,102.28922258112033,PJ
1644,NE,R_OW_ELC_R,2010,51.19138439769153,PJ
1645,NW,R_OW_ELC_R,2010,24.676482242608806,PJ
1646,N_CEN,R_OW_ELC_R,2010,100.89802515338305,PJ
1647,SE,R_OW_ELC_R,2010,172.21565317788878,PJ
1648,SW,R_OW_ELC_R,2010,41.43796447101528,PJ
1649,TX,R_OW_ELC_R,2010,74.91650566678395,PJ
1650,CA,R_OW_ELC_R,2015,53.20466757779804,PJ
1651,CEN,R_OW_ELC_R,2015,67.47983775603427,PJ
1652,MID_AT,R_OW_ELC_R,2015,102.28922258112033,PJ
1653,NE,R_OW_ELC_R,2015,51.19138439769153,PJ
1654,NW,R_OW_ELC_R,2015,24.676482242608806,PJ
1655,N_CEN,R_OW_ELC_R,2015,100.89802515338305,PJ
1656,SE,R_OW_ELC_R,2015,172.21565317788878,PJ
1657,SW,R_OW_ELC_R,2015,41.43796447101528,PJ
1658,TX,R_OW_ELC_R,2015,74.91650566678395,PJ
0,CA,R_SH_FDISTOIL_R,2005,6.2947270109347535,PJ/yr
1,CEN,R_SH_FDISTOIL_R,2005,5.50334896523741,PJ/yr
2,MID_AT,R_SH_FDISTOIL_R,2005,70.20663276161397,PJ/yr
3,NE,R_SH_FDISTOIL_R,2005,128.99264134731536,PJ/yr
4,NW,R_SH_FDISTOIL_R,2005,2.486478515399463,PJ/yr
5,N_CEN,R_SH_FDISTOIL_R,2005,23.95031901106462,PJ/yr
6,SE,R_SH_FDISTOIL_R,2005,26.821367657028333,PJ/yr
7,SW,R_SH_FDISTOIL_R,2005,2.4085404102928187,PJ/yr
8,TX,R_SH_FDISTOIL_R,2005,0.07103650047433546,PJ/yr
9,CA,R_SH_FDISTOIL_R,2010,6.2947270109347535,PJ/yr
10,CEN,R_SH_FDISTOIL_R,2010,5.50334896523741,PJ/yr
11,MID_AT,R_SH_FDISTOIL_R,2010,70.20663276161397,PJ/yr
12,NE,R_SH_FDISTOIL_R,2010,128.99264134731536,PJ/yr
13,NW,R_SH_FDISTOIL_R,2010,2.486478515399463,PJ/yr
14,N_CEN,R_SH_FDISTOIL_R,2010,23.95031901106462,PJ/yr
15,SE,R_SH_FDISTOIL_R,2010,26.821367657028333,PJ/yr
16,SW,R_SH_FDISTOIL_R,2010,2.4085404102928187,PJ/yr
17,TX,R_SH_FDISTOIL_R,2010,0.07103650047433546,PJ/yr
18,CA,R_SH_FDISTOIL_R,2015,6.2947270109347535,PJ/yr
19,CEN,R_SH_FDISTOIL_R,2015,5.50334896523741,PJ/yr
20,MID_AT,R_SH_FDISTOIL_R,2015,70.20663276161397,PJ/yr
21,NE,R_SH_FDISTOIL_R,2015,128.99264134731536,PJ/yr
22,NW,R_SH_FDISTOIL_R,2015,2.486478515399463,PJ/yr
23,N_CEN,R_SH_FDISTOIL_R,2015,23.95031901106462,PJ/yr
24,SE,R_SH_FDISTOIL_R,2015,26.821367657028333,PJ/yr
25,SW,R_SH_FDISTOIL_R,2015,2.4085404102928187,PJ/yr
26,TX,R_SH_FDISTOIL_R,2015,0.07103650047433546,PJ/yr
27,CA,R_SH_FNGA_R,2005,598.6426687708947,PJ/yr
28,CEN,R_SH_FNGA_R,2005,449.3443440377071,PJ/yr
29,MID_AT,R_SH_FNGA_R,2005,804.7629172897992,PJ/yr
30,NE,R_SH_FNGA_R,2005,403.37806736502836,PJ/yr
31,NW,R_SH_FNGA_R,2005,278.1612052337823,PJ/yr
32,N_CEN,R_SH_FNGA_R,2005,1197.912119985445,PJ/yr
33,SE,R_SH_FNGA_R,2005,602.5493260315345,PJ/yr
34,SW,R_SH_FNGA_R,2005,467.505402129537,PJ/yr
35,TX,R_SH_FNGA_R,2005,373.30293534338506,PJ/yr
36,CA,R_SH_FNGA_R,2010,598.6426687708947,PJ/yr
37,CEN,R_SH_FNGA_R,2010,449.3443440377071,PJ/yr
38,MID_AT,R_SH_FNGA_R,2010,804.7629172897992,PJ/yr
39,NE,R_SH_FNGA_R,2010,403.37806736502836,PJ/yr
40,NW,R_SH_FNGA_R,2010,278.1612052337823,PJ/yr
41,N_CEN,R_SH_FNGA_R,2010,1197.912119985445,PJ/yr
42,SE,R_SH_FNGA_R,2010,602.5493260315345,PJ/yr
43,SW,R_SH_FNGA_R,2010,467.505402129537,PJ/yr
44,TX,R_SH_FNGA_R,2010,373.30293534338506,PJ/yr
45,CA,R_SH_FNGA_R,2015,598.6426687708947,PJ/yr
46,CEN,R_SH_FNGA_R,2015,449.3443440377071,PJ/yr
47,MID_AT,R_SH_FNGA_R,2015,804.7629172897992,PJ/yr
48,NE,R_SH_FNGA_R,2015,403.37806736502836,PJ/yr
49,NW,R_SH_FNGA_R,2015,278.1612052337823,PJ/yr
50,N_CEN,R_SH_FNGA_R,2015,1197.912119985445,PJ/yr
51,SE,R_SH_FNGA_R,2015,602.5493260315345,PJ/yr
52,SW,R_SH_FNGA_R,2015,467.505402129537,PJ/yr
53,TX,R_SH_FNGA_R,2015,373.30293534338506,PJ/yr
54,CA,R_SH_FLPG_R,2005,23.46695610325364,PJ/yr
55,CEN,R_SH_FLPG_R,2005,70.25893772667511,PJ/yr
56,MID_AT,R_SH_FLPG_R,2005,77.66138227501447,PJ/yr
57,NE,R_SH_FLPG_R,2005,48.794621424355675,PJ/yr
58,NW,R_SH_FLPG_R,2005,16.396023172368263,PJ/yr
59,N_CEN,R_SH_FLPG_R,2005,133.0620243636198,PJ/yr
60,SE,R_SH_FLPG_R,2005,111.42596253363554,PJ/yr
61,SW,R_SH_FLPG_R,2005,45.46931803535549,PJ/yr
62,TX,R_SH_FLPG_R,2005,32.4244570694074,PJ/yr
63,CA,R_SH_FLPG_R,2010,23.46695610325364,PJ/yr
64,CEN,R_SH_FLPG_R,2010,70.25893772667511,PJ/yr
65,MID_AT,R_SH_FLPG_R,2010,77.66138227501447,PJ/yr
66,NE,R_SH_FLPG_R,2010,48.794621424355675,PJ/yr
67,NW,R_SH_FLPG_R,2010,16.396023172368263,PJ/yr
68,N_CEN,R_SH_FLPG_R,2010,133.0620243636198,PJ/yr
69,SE,R_SH_FLPG_R,2010,111.42596253363554,PJ/yr
70,SW,R_SH_FLPG_R,2010,45.46931803535549,PJ/yr
71,TX,R_SH_FLPG_R,2010,32.4244570694074,PJ/yr
72,CA,R_SH_FLPG_R,2015,23.46695610325364,PJ/yr
73,CEN,R_SH_FLPG_R,2015,70.25893772667511,PJ/yr
74,MID_AT,R_SH_FLPG_R,2015,77.66138227501447,PJ/yr
75,NE,R_SH_FLPG_R,2015,48.794621424355675,PJ/yr
76,NW,R_SH_FLPG_R,2015,16.396023172368263,PJ/yr
77,N_CEN,R_SH_FLPG_R,2015,133.0620243636198,PJ/yr
78,SE,R_SH_FLPG_R,2015,111.42596253363554,PJ/yr
79,SW,R_SH_FLPG_R,2015,45.46931803535549,PJ/yr
80,TX,R_SH_FLPG_R,2015,32.4244570694074,PJ/yr
81,CA,R_HPELC_R,2014,116.9804038708296,PJ/yr
82,CEN,R_HPELC_R,2014,144.75391238675843,PJ/yr
83,MID_AT,R_HPELC_R,2014,435.9708051039225,PJ/yr
84,NE,R_HPELC_R,2014,87.05222138200449,PJ/yr
85,NW,R_HPELC_R,2014,61.04400370362068,PJ/yr
86,N_CEN,R_HPELC_R,2014,79.63709470199038,PJ/yr
87,SE,R_HPELC_R,2014,1216.1098007545388,PJ/yr
88,SW,R_HPELC_R,2014,140.27545168511406,PJ/yr
89,TX,R_HPELC_R,2014,197.3379132157977,PJ/yr
90,CA,R_HPELC_R,2018,116.9804038708296,PJ/yr
91,CEN,R_HPELC_R,2018,144.75391238675843,PJ/yr
92,MID_AT,R_HPELC_R,2018,435.9708051039225,PJ/yr
93,NE,R_HPELC_R,2018,87.05222138200449,PJ/yr
94,NW,R_HPELC_R,2018,61.04400370362068,PJ/yr
95,N_CEN,R_HPELC_R,2018,79.63709470199038,PJ/yr
96,SE,R_HPELC_R,2018,1216.1098007545388,PJ/yr
97,SW,R_HPELC_R,2018,140.27545168511406,PJ/yr
98,TX,R_HPELC_R,2018,197.3379132157977,PJ/yr
99,CA,R_HP_GEO_R,2014,5.11971593405247,PJ/yr
100,CEN,R_HP_GEO_R,2014,20.988423054081846,PJ/yr
101,MID_AT,R_HP_GEO_R,2014,25.14747906417241,PJ/yr
102,NE,R_HP_GEO_R,2014,11.792217998788548,PJ/yr
103,NW,R_HP_GEO_R,2014,3.25604165613671,PJ/yr
104,N_CEN,R_HP_GEO_R,2014,33.498767510460574,PJ/yr
105,SE,R_HP_GEO_R,2014,38.93078254693353,PJ/yr
106,SW,R_HP_GEO_R,2014,9.083491572662307,PJ/yr
107,TX,R_HP_GEO_R,2014,11.638976716657117,PJ/yr
108,CA,R_HP_GEO_R,2018,5.11971593405247,PJ/yr
109,CEN,R_HP_GEO_R,2018,20.988423054081846,PJ/yr
110,MID_AT,R_HP_GEO_R,2018,25.14747906417241,PJ/yr
111,NE,R_HP_GEO_R,2018,11.792217998788548,PJ/yr
112,NW,R_HP_GEO_R,2018,3.25604165613671,PJ/yr
113,N_CEN,R_HP_GEO_R,2018,33.498767510460574,PJ/yr
114,SE,R_HP_GEO_R,2018,38.93078254693353,PJ/yr
115,SW,R_HP_GEO_R,2018,9.083491572662307,PJ/yr
116,TX,R_HP_GEO_R,2018,11.638976716657117,PJ/yr
117,CA,R_SH_WHBIO_R,2005,46.819935221848745,PJ/yr
118,CEN,R_SH_WHBIO_R,2005,20.635415352991153,PJ/yr
119,MID_AT,R_SH_WHBIO_R,2005,42.83815475036735,PJ/yr
120,NE,R_SH_WHBIO_R,2005,47.7022108741696,PJ/yr
121,NW,R_SH_WHBIO_R,2005,18.662703509209685,PJ/yr
122,N_CEN,R_SH_WHBIO_R,2005,42.17358699280942,PJ/yr
123,SE,R_SH_WHBIO_R,2005,56.44511455330642,PJ/yr
124,SW,R_SH_WHBIO_R,2005,18.81837246627066,PJ/yr
125,TX,R_SH_WHBIO_R,2005,12.935000944641262,PJ/yr
126,CA,R_SH_WHBIO_R,2010,46.819935221848745,PJ/yr
127,CEN,R_SH_WHBIO_R,2010,20.635415352991153,PJ/yr
128,MID_AT,R_SH_WHBIO_R,2010,42.83815475036735,PJ/yr
129,NE,R_SH_WHBIO_R,2010,47.7022108741696,PJ/yr
130,NW,R_SH_WHBIO_R,2010,18.662703509209685,PJ/yr
131,N_CEN,R_SH_WHBIO_R,2010,42.17358699280942,PJ/yr
132,SE,R_SH_WHBIO_R,2010,56.44511455330642,PJ/yr
133,SW,R_SH_WHBIO_R,2010,18.81837246627066,PJ/yr
134,TX,R_SH_WHBIO_R,2010,12.935000944641262,PJ/yr
135,CA,R_SH_WHBIO_R,2015,46.819935221848745,PJ/yr
136,CEN,R_SH_WHBIO_R,2015,20.635415352991153,PJ/yr
137,MID_AT,R_SH_WHBIO_R,2015,42.83815475036735,PJ/yr
138,NE,R_SH_WHBIO_R,2015,47.7022108741696,PJ/yr
139,NW,R_SH_WHBIO_R,2015,18.662703509209685,PJ/yr
140,N_CEN,R_SH_WHBIO_R,2015,42.17358699280942,PJ/yr
141,SE,R_SH_WHBIO_R,2015,56.44511455330642,PJ/yr
142,SW,R_SH_WHBIO_R,2015,18.81837246627066,PJ/yr
143,TX,R_SH_WHBIO_R,2015,12.935000944641262,PJ/yr
144,CA,R_HP_NGA_R,2014,3.962823845755857,PJ/yr
145,CEN,R_HP_NGA_R,2014,4.627513054368651,PJ/yr
146,MID_AT,R_HP_NGA_R,2014,11.07595235758519,PJ/yr
147,NE,R_HP_NGA_R,2014,3.2071984671227347,PJ/yr
148,NW,R_HP_NGA_R,2014,2.823230229810064,PJ/yr
149,N_CEN,R_HP_NGA_R,2014,4.183189057352461,PJ/yr
150,SE,R_HP_NGA_R,2014,24.1216629802625,PJ/yr
151,SW,R_HP_NGA_R,2014,8.70200164350861,PJ/yr
152,TX,R_HP_NGA_R,2014,2.3180439992683004,PJ/yr
153,CA,R_HP_NGA_R,2018,3.962823845755857,PJ/yr
154,CEN,R_HP_NGA_R,2018,4.627513054368651,PJ/yr
155,MID_AT,R_HP_NGA_R,2018,11.07595235758519,PJ/yr
156,NE,R_HP_NGA_R,2018,3.2071984671227347,PJ/yr
157,NW,R_HP_NGA_R,2018,2.823230229810064,PJ/yr
158,N_CEN,R_HP_NGA_R,2018,4.183189057352461,PJ/yr
159,SE,R_HP_NGA_R,2018,24.1216629802625,PJ/yr
160,SW,R_HP_NGA_R,2018,8.70200164350861,PJ/yr
161,TX,R_HP_NGA_R,2018,2.3180439992683004,PJ/yr
162,CA,R_SH_F_ELC_R,2005,194.4272101927817,PJ/yr
163,CEN,R_SH_F_ELC_R,2005,272.49810120218353,PJ/yr
164,MID_AT,R_SH_F_ELC_R,2005,283.1335930315799,PJ/yr
165,NE,R_SH_F_ELC_R,2005,20.31200140241218,PJ/yr
166,NW,R_SH_F_ELC_R,2005,84.78059568423342,PJ/yr
167,N_CEN,R_SH_F_ELC_R,2005,157.7425023433675,PJ/yr
168,SE,R_SH_F_ELC_R,2005,809.6447681541844,PJ/yr
169,SW,R_SH_F_ELC_R,2005,120.00925608392713,PJ/yr
170,TX,R_SH_F_ELC_R,2005,420.76702735065777,PJ/yr
171,CA,R_SH_F_ELC_R,2010,194.4272101927817,PJ/yr
172,CEN,R_SH_F_ELC_R,2010,272.49810120218353,PJ/yr
173,MID_AT,R_SH_F_ELC_R,2010,283.1335930315799,PJ/yr
174,NE,R_SH_F_ELC_R,2010,20.31200140241218,PJ/yr
175,NW,R_SH_F_ELC_R,2010,84.78059568423342,PJ/yr
176,N_CEN,R_SH_F_ELC_R,2010,157.7425023433675,PJ/yr
177,SE,R_SH_F_ELC_R,2010,809.6447681541844,PJ/yr
178,SW,R_SH_F_ELC_R,2010,120.00925608392713,PJ/yr
179,TX,R_SH_F_ELC_R,2010,420.76702735065777,PJ/yr
180,CA,R_SH_F_ELC_R,2015,194.4272101927817,PJ/yr
181,CEN,R_SH_F_ELC_R,2015,272.49810120218353,PJ/yr
182,MID_AT,R_SH_F_ELC_R,2015,283.1335930315799,PJ/yr
183,NE,R_SH_F_ELC_R,2015,20.31200140241218,PJ/yr
184,NW,R_SH_F_ELC_R,2015,84.78059568423342,PJ/yr
185,N_CEN,R_SH_F_ELC_R,2015,157.7425023433675,PJ/yr
186,SE,R_SH_F_ELC_R,2015,809.6447681541844,PJ/yr
187,SW,R_SH_F_ELC_R,2015,120.00925608392713,PJ/yr
188,TX,R_SH_F_ELC_R,2015,420.76702735065777,PJ/yr
189,CA,R_SH_BLR_NGA_R,2005,183.22682585683324,PJ/yr
190,CEN,R_SH_BLR_NGA_R,2005,61.976473287935114,PJ/yr
191,MID_AT,R_SH_BLR_NGA_R,2005,241.3692769142011,PJ/yr
192,NE,R_SH_BLR_NGA_R,2005,299.3169190532376,PJ/yr
193,NW,R_SH_BLR_NGA_R,2005,69.51908847256854,PJ/yr
194,N_CEN,R_SH_BLR_NGA_R,2005,139.9201351202955,PJ/yr
195,SE,R_SH_BLR_NGA_R,2005,68.86610220510268,PJ/yr
196,SW,R_SH_BLR_NGA_R,2005,40.871153527062035,PJ/yr
197,TX,R_SH_BLR_NGA_R,2005,62.76579398777025,PJ/yr
198,CA,R_SH_BLR_NGA_R,2010,183.22682585683324,PJ/yr
199,CEN,R_SH_BLR_NGA_R,2010,61.976473287935114,PJ/yr
200,MID_AT,R_SH_BLR_NGA_R,2010,241.3692769142011,PJ/yr
201,NE,R_SH_BLR_NGA_R,2010,299.3169190532376,PJ/yr
202,NW,R_SH_BLR_NGA_R,2010,69.51908847256854,PJ/yr
203,N_CEN,R_SH_BLR_NGA_R,2010,139.9201351202955,PJ/yr
204,SE,R_SH_BLR_NGA_R,2010,68.86610220510268,PJ/yr
205,SW,R_SH_BLR_NGA_R,2010,40.871153527062035,PJ/yr
206,TX,R_SH_BLR_NGA_R,2010,62.76579398777025,PJ/yr
207,CA,R_SH_BLR_NGA_R,2015,183.22682585683324,PJ/yr
208,CEN,R_SH_BLR_NGA_R,2015,61.976473287935114,PJ/yr
209,MID_AT,R_SH_BLR_NGA_R,2015,241.3692769142011,PJ/yr
210,NE,R_SH_BLR_NGA_R,2015,299.3169190532376,PJ/yr
211,NW,R_SH_BLR_NGA_R,2015,69.51908847256854,PJ/yr
212,N_CEN,R_SH_BLR_NGA_R,2015,139.9201351202955,PJ/yr
213,SE,R_SH_BLR_NGA_R,2015,68.86610220510268,PJ/yr
214,SW,R_SH_BLR_NGA_R,2015,40.871153527062035,PJ/yr
215,TX,R_SH_BLR_NGA_R,2015,62.76579398777025,PJ/yr
216,CA,R_SH_BLR_DISTOIL_R,2005,1.1944017702866834,PJ/yr
217,CEN,R_SH_BLR_DISTOIL_R,2005,3.3494160938658317,PJ/yr
218,MID_AT,R_SH_BLR_DISTOIL_R,2005,133.56466431598724,PJ/yr
219,NE,R_SH_BLR_DISTOIL_R,2005,265.01255551791263,PJ/yr
220,NW,R_SH_BLR_DISTOIL_R,2005,0.4091267451026346,PJ/yr
221,N_CEN,R_SH_BLR_DISTOIL_R,2005,6.6463854280815235,PJ/yr
222,SE,R_SH_BLR_DISTOIL_R,2005,14.48663104387056,PJ/yr
223,CA,R_SH_BLR_DISTOIL_R,2010,1.1944017702866834,PJ/yr
224,CEN,R_SH_BLR_DISTOIL_R,2010,3.3494160938658317,PJ/yr
225,MID_AT,R_SH_BLR_DISTOIL_R,2010,133.56466431598724,PJ/yr
226,NE,R_SH_BLR_DISTOIL_R,2010,265.01255551791263,PJ/yr
227,NW,R_SH_BLR_DISTOIL_R,2010,0.4091267451026346,PJ/yr
228,N_CEN,R_SH_BLR_DISTOIL_R,2010,6.6463854280815235,PJ/yr
229,SE,R_SH_BLR_DISTOIL_R,2010,14.48663104387056,PJ/yr
230,CA,R_SH_BLR_DISTOIL_R,2015,1.1944017702866834,PJ/yr
231,CEN,R_SH_BLR_DISTOIL_R,2015,3.3494160938658317,PJ/yr
232,MID_AT,R_SH_BLR_DISTOIL_R,2015,133.56466431598724,PJ/yr
233,NE,R_SH_BLR_DISTOIL_R,2015,265.01255551791263,PJ/yr
234,NW,R_SH_BLR_DISTOIL_R,2015,0.4091267451026346,PJ/yr
235,N_CEN,R_SH_BLR_DISTOIL_R,2015,6.6463854280815235,PJ/yr
236,SE,R_SH_BLR_DISTOIL_R,2015,14.48663104387056,PJ/yr
237,CA,R_SH_RES_ELC_R,2005,181.0431671490704,PJ/yr
238,CEN,R_SH_RES_ELC_R,2005,36.68946104338546,PJ/yr
239,MID_AT,R_SH_RES_ELC_R,2005,142.29864913912348,PJ/yr
240,NE,R_SH_RES_ELC_R,2005,104.35155937533106,PJ/yr
241,NW,R_SH_RES_ELC_R,2005,63.48192317831947,PJ/yr
242,N_CEN,R_SH_RES_ELC_R,2005,117.06548312037519,PJ/yr
243,SE,R_SH_RES_ELC_R,2005,131.1943619235867,PJ/yr
244,SW,R_SH_RES_ELC_R,2005,23.31426906265179,PJ/yr
245,TX,R_SH_RES_ELC_R,2005,23.595391444132797,PJ/yr
246,CA,R_SH_RES_ELC_R,2010,181.0431671490704,PJ/yr
247,CEN,R_SH_RES_ELC_R,2010,36.68946104338546,PJ/yr
248,MID_AT,R_SH_RES_ELC_R,2010,142.29864913912348,PJ/yr
249,NE,R_SH_RES_ELC_R,2010,104.35155937533106,PJ/yr
250,NW,R_SH_RES_ELC_R,2010,63.48192317831947,PJ/yr
251,N_CEN,R_SH_RES_ELC_R,2010,117.06548312037519,PJ/yr
252,SE,R_SH_RES_ELC_R,2010,131.1943619235867,PJ/yr
253,SW,R_SH_RES_ELC_R,2010,23.31426906265179,PJ/yr
254,TX,R_SH_RES_ELC_R,2010,23.595391444132797,PJ/yr
255,CA,R_SH_RES_ELC_R,2015,181.0431671490704,PJ/yr
256,CEN,R_SH_RES_ELC_R,2015,36.68946104338546,PJ/yr
257,MID_AT,R_SH_RES_ELC_R,2015,142.29864913912348,PJ/yr
258,NE,R_SH_RES_ELC_R,2015,104.35155937533106,PJ/yr
259,NW,R_SH_RES_ELC_R,2015,63.48192317831947,PJ/yr
260,N_CEN,R_SH_RES_ELC_R,2015,117.06548312037519,PJ/yr
261,SE,R_SH_RES_ELC_R,2015,131.1943619235867,PJ/yr
262,SW,R_SH_RES_ELC_R,2015,23.31426906265179,PJ/yr
263,TX,R_SH_RES_ELC_R,2015,23.595391444132797,PJ/yr
