,regions,periods,input_comm,tech,ti_split,ti_split_notes
0,CA,2020,ELC,R_WH_SOLST_ELC_N,0.5,
1,CA,2020,ethos_R,R_WH_SOLST_ELC_N,0.5,
2,CA,2025,ELC,R_WH_SOLST_ELC_N,0.5,
3,CA,2025,ethos_R,R_WH_SOLST_ELC_N,0.5,
4,CA,2030,ELC,R_WH_SOLST_ELC_N,0.5,
5,CA,2030,ethos_R,R_WH_SOLST_ELC_N,0.5,
6,CA,2035,ELC,R_WH_SOLST_ELC_N,0.5,
7,CA,2035,ethos_R,R_WH_SOLST_ELC_N,0.5,
8,CA,2040,ELC,R_WH_SOLST_ELC_N,0.5,
9,CA,2040,ethos_R,R_WH_SOLST_ELC_N,0.5,
10,CA,2045,ELC,R_WH_SOLST_ELC_N,0.5,
11,CA,2045,ethos_R,R_WH_SOLST_ELC_N,0.5,
12,CA,2050,ELC,R_WH_SOLST_ELC_N,0.5,
13,CA,2050,ethos_R,R_WH_SOLST_ELC_N,0.5,
14,NW,2020,ELC,R_WH_SOLST_ELC_N,0.5,
15,NW,2020,ethos_R,R_WH_SOLST_ELC_N,0.5,
16,NW,2025,ELC,R_WH_SOLST_ELC_N,0.5,
17,NW,2025,ethos_R,R_WH_SOLST_ELC_N,0.5,
18,NW,2030,ELC,R_WH_SOLST_ELC_N,0.5,
19,NW,2030,ethos_R,R_WH_SOLST_ELC_N,0.5,
20,NW,2035,ELC,R_WH_SOLST_ELC_N,0.5,
21,NW,2035,ethos_R,R_WH_SOLST_ELC_N,0.5,
22,NW,2040,ELC,R_WH_SOLST_ELC_N,0.5,
23,NW,2040,ethos_R,R_WH_SOLST_ELC_N,0.5,
24,NW,2045,ELC,R_WH_SOLST_ELC_N,0.5,
25,NW,2045,ethos_R,R_WH_SOLST_ELC_N,0.5,
26,NW,2050,ELC,R_WH_SOLST_ELC_N,0.5,
27,NW,2050,ethos_R,R_WH_SOLST_ELC_N,0.5,
28,SW,2020,ELC,R_WH_SOLST_ELC_N,0.5,
29,SW,2020,ethos_R,R_WH_SOLST_ELC_N,0.5,
30,SW,2025,ELC,R_WH_SOLST_ELC_N,0.5,
31,SW,2025,ethos_R,R_WH_SOLST_ELC_N,0.5,
32,SW,2030,ELC,R_WH_SOLST_ELC_N,0.5,
33,SW,2030,ethos_R,R_WH_SOLST_ELC_N,0.5,
34,SW,2035,ELC,R_WH_SOLST_ELC_N,0.5,
35,SW,2035,ethos_R,R_WH_SOLST_ELC_N,0.5,
36,SW,2040,ELC,R_WH_SOLST_ELC_N,0.5,
37,SW,2040,ethos_R,R_WH_SOLST_ELC_N,0.5,
38,SW,2045,ELC,R_WH_SOLST_ELC_N,0.5,
39,SW,2045,ethos_R,R_WH_SOLST_ELC_N,0.5,
40,SW,2050,ELC,R_WH_SOLST_ELC_N,0.5,
41,SW,2050,ethos_R,R_WH_SOLST_ELC_N,0.5,
42,TX,2020,ELC,R_WH_SOLST_ELC_N,0.5,
43,TX,2020,ethos_R,R_WH_SOLST_ELC_N,0.5,
44,TX,2025,ELC,R_WH_SOLST_ELC_N,0.5,
45,TX,2025,ethos_R,R_WH_SOLST_ELC_N,0.5,
46,TX,2030,ELC,R_WH_SOLST_ELC_N,0.5,
47,TX,2030,ethos_R,R_WH_SOLST_ELC_N,0.5,
48,TX,2035,ELC,R_WH_SOLST_ELC_N,0.5,
49,TX,2035,ethos_R,R_WH_SOLST_ELC_N,0.5,
50,TX,2040,ELC,R_WH_SOLST_ELC_N,0.5,
51,TX,2040,ethos_R,R_WH_SOLST_ELC_N,0.5,
52,TX,2045,ELC,R_WH_SOLST_ELC_N,0.5,
53,TX,2045,ethos_R,R_WH_SOLST_ELC_N,0.5,
54,TX,2050,ELC,R_WH_SOLST_ELC_N,0.5,
55,TX,2050,ethos_R,R_WH_SOLST_ELC_N,0.5,
56,N_CEN,2020,ELC,R_WH_SOLST_ELC_N,0.5,
57,N_CEN,2020,ethos_R,R_WH_SOLST_ELC_N,0.5,
58,N_CEN,2025,ELC,R_WH_SOLST_ELC_N,0.5,
59,N_CEN,2025,ethos_R,R_WH_SOLST_ELC_N,0.5,
60,N_CEN,2030,ELC,R_WH_SOLST_ELC_N,0.5,
61,N_CEN,2030,ethos_R,R_WH_SOLST_ELC_N,0.5,
62,N_CEN,2035,ELC,R_WH_SOLST_ELC_N,0.5,
63,N_CEN,2035,ethos_R,R_WH_SOLST_ELC_N,0.5,
64,N_CEN,2040,ELC,R_WH_SOLST_ELC_N,0.5,
65,N_CEN,2040,ethos_R,R_WH_SOLST_ELC_N,0.5,
66,N_CEN,2045,ELC,R_WH_SOLST_ELC_N,0.5,
67,N_CEN,2045,ethos_R,R_WH_SOLST_ELC_N,0.5,
68,N_CEN,2050,ELC,R_WH_SOLST_ELC_N,0.5,
69,N_CEN,2050,ethos_R,R_WH_SOLST_ELC_N,0.5,
70,CEN,2020,ELC,R_WH_SOLST_ELC_N,0.5,
71,CEN,2020,ethos_R,R_WH_SOLST_ELC_N,0.5,
72,CEN,2025,ELC,R_WH_SOLST_ELC_N,0.5,
73,CEN,2025,ethos_R,R_WH_SOLST_ELC_N,0.5,
74,CEN,2030,ELC,R_WH_SOLST_ELC_N,0.5,
75,CEN,2030,ethos_R,R_WH_SOLST_ELC_N,0.5,
76,CEN,2035,ELC,R_WH_SOLST_ELC_N,0.5,
77,CEN,2035,ethos_R,R_WH_SOLST_ELC_N,0.5,
78,CEN,2040,ELC,R_WH_SOLST_ELC_N,0.5,
79,CEN,2040,ethos_R,R_WH_SOLST_ELC_N,0.5,
80,CEN,2045,ELC,R_WH_SOLST_ELC_N,0.5,
81,CEN,2045,ethos_R,R_WH_SOLST_ELC_N,0.5,
82,CEN,2050,ELC,R_WH_SOLST_ELC_N,0.5,
83,CEN,2050,ethos_R,R_WH_SOLST_ELC_N,0.5,
84,SE,2020,ELC,R_WH_SOLST_ELC_N,0.5,
85,SE,2020,ethos_R,R_WH_SOLST_ELC_N,0.5,
86,SE,2025,ELC,R_WH_SOLST_ELC_N,0.5,
87,SE,2025,ethos_R,R_WH_SOLST_ELC_N,0.5,
88,SE,2030,ELC,R_WH_SOLST_ELC_N,0.5,
89,SE,2030,ethos_R,R_WH_SOLST_ELC_N,0.5,
90,SE,2035,ELC,R_WH_SOLST_ELC_N,0.5,
91,SE,2035,ethos_R,R_WH_SOLST_ELC_N,0.5,
92,SE,2040,ELC,R_WH_SOLST_ELC_N,0.5,
93,SE,2040,ethos_R,R_WH_SOLST_ELC_N,0.5,
94,SE,2045,ELC,R_WH_SOLST_ELC_N,0.5,
95,SE,2045,ethos_R,R_WH_SOLST_ELC_N,0.5,
96,SE,2050,ELC,R_WH_SOLST_ELC_N,0.5,
97,SE,2050,ethos_R,R_WH_SOLST_ELC_N,0.5,
98,MID_AT,2020,ELC,R_WH_SOLST_ELC_N,0.5,
99,MID_AT,2020,ethos_R,R_WH_SOLST_ELC_N,0.5,
100,MID_AT,2025,ELC,R_WH_SOLST_ELC_N,0.5,
101,MID_AT,2025,ethos_R,R_WH_SOLST_ELC_N,0.5,
102,MID_AT,2030,ELC,R_WH_SOLST_ELC_N,0.5,
103,MID_AT,2030,ethos_R,R_WH_SOLST_ELC_N,0.5,
104,MID_AT,2035,ELC,R_WH_SOLST_ELC_N,0.5,
105,MID_AT,2035,ethos_R,R_WH_SOLST_ELC_N,0.5,
106,MID_AT,2040,ELC,R_WH_SOLST_ELC_N,0.5,
107,MID_AT,2040,ethos_R,R_WH_SOLST_ELC_N,0.5,
108,MID_AT,2045,ELC,R_WH_SOLST_ELC_N,0.5,
109,MID_AT,2045,ethos_R,R_WH_SOLST_ELC_N,0.5,
110,MID_AT,2050,ELC,R_WH_SOLST_ELC_N,0.5,
111,MID_AT,2050,ethos_R,R_WH_SOLST_ELC_N,0.5,
112,NE,2020,ELC,R_WH_SOLST_ELC_N,0.5,
113,NE,2020,ethos_R,R_WH_SOLST_ELC_N,0.5,
114,NE,2025,ELC,R_WH_SOLST_ELC_N,0.5,
115,NE,2025,ethos_R,R_WH_SOLST_ELC_N,0.5,
116,NE,2030,ELC,R_WH_SOLST_ELC_N,0.5,
117,NE,2030,ethos_R,R_WH_SOLST_ELC_N,0.5,
118,NE,2035,ELC,R_WH_SOLST_ELC_N,0.5,
119,NE,2035,ethos_R,R_WH_SOLST_ELC_N,0.5,
120,NE,2040,ELC,R_WH_SOLST_ELC_N,0.5,
121,NE,2040,ethos_R,R_WH_SOLST_ELC_N,0.5,
122,NE,2045,ELC,R_WH_SOLST_ELC_N,0.5,
123,NE,2045,ethos_R,R_WH_SOLST_ELC_N,0.5,
124,NE,2050,ELC,R_WH_SOLST_ELC_N,0.5,
125,NE,2050,ethos_R,R_WH_SOLST_ELC_N,0.5,
126,CA,2020,ELC,R_WH_SOLELC_R,0.5,
127,CA,2020,ethos_R,R_WH_SOLELC_R,0.5,
128,CA,2025,ELC,R_WH_SOLELC_R,0.5,
129,CA,2025,ethos_R,R_WH_SOLELC_R,0.5,
130,CA,2030,ELC,R_WH_SOLELC_R,0.5,
131,CA,2030,ethos_R,R_WH_SOLELC_R,0.5,
132,CA,2035,ELC,R_WH_SOLELC_R,0.5,
133,CA,2035,ethos_R,R_WH_SOLELC_R,0.5,
134,CA,2040,ELC,R_WH_SOLELC_R,0.5,
135,CA,2040,ethos_R,R_WH_SOLELC_R,0.5,
136,CA,2045,ELC,R_WH_SOLELC_R,0.5,
137,CA,2045,ethos_R,R_WH_SOLELC_R,0.5,
138,CA,2050,ELC,R_WH_SOLELC_R,0.5,
139,CA,2050,ethos_R,R_WH_SOLELC_R,0.5,
140,NW,2020,ELC,R_WH_SOLELC_R,0.5,
141,NW,2020,ethos_R,R_WH_SOLELC_R,0.5,
142,NW,2025,ELC,R_WH_SOLELC_R,0.5,
143,NW,2025,ethos_R,R_WH_SOLELC_R,0.5,
144,NW,2030,ELC,R_WH_SOLELC_R,0.5,
145,NW,2030,ethos_R,R_WH_SOLELC_R,0.5,
146,NW,2035,ELC,R_WH_SOLELC_R,0.5,
147,NW,2035,ethos_R,R_WH_SOLELC_R,0.5,
148,NW,2040,ELC,R_WH_SOLELC_R,0.5,
149,NW,2040,ethos_R,R_WH_SOLELC_R,0.5,
150,NW,2045,ELC,R_WH_SOLELC_R,0.5,
151,NW,2045,ethos_R,R_WH_SOLELC_R,0.5,
152,NW,2050,ELC,R_WH_SOLELC_R,0.5,
153,NW,2050,ethos_R,R_WH_SOLELC_R,0.5,
154,SW,2020,ELC,R_WH_SOLELC_R,0.5,
155,SW,2020,ethos_R,R_WH_SOLELC_R,0.5,
156,SW,2025,ELC,R_WH_SOLELC_R,0.5,
157,SW,2025,ethos_R,R_WH_SOLELC_R,0.5,
158,SW,2030,ELC,R_WH_SOLELC_R,0.5,
159,SW,2030,ethos_R,R_WH_SOLELC_R,0.5,
160,SW,2035,ELC,R_WH_SOLELC_R,0.5,
161,SW,2035,ethos_R,R_WH_SOLELC_R,0.5,
162,SW,2040,ELC,R_WH_SOLELC_R,0.5,
163,SW,2040,ethos_R,R_WH_SOLELC_R,0.5,
164,SW,2045,ELC,R_WH_SOLELC_R,0.5,
165,SW,2045,ethos_R,R_WH_SOLELC_R,0.5,
166,SW,2050,ELC,R_WH_SOLELC_R,0.5,
167,SW,2050,ethos_R,R_WH_SOLELC_R,0.5,
168,TX,2020,ELC,R_WH_SOLELC_R,0.5,
169,TX,2020,ethos_R,R_WH_SOLELC_R,0.5,
170,TX,2025,ELC,R_WH_SOLELC_R,0.5,
171,TX,2025,ethos_R,R_WH_SOLELC_R,0.5,
172,TX,2030,ELC,R_WH_SOLELC_R,0.5,
173,TX,2030,ethos_R,R_WH_SOLELC_R,0.5,
174,TX,2035,ELC,R_WH_SOLELC_R,0.5,
175,TX,2035,ethos_R,R_WH_SOLELC_R,0.5,
176,TX,2040,ELC,R_WH_SOLELC_R,0.5,
177,TX,2040,ethos_R,R_WH_SOLELC_R,0.5,
178,TX,2045,ELC,R_WH_SOLELC_R,0.5,
179,TX,2045,ethos_R,R_WH_SOLELC_R,0.5,
180,TX,2050,ELC,R_WH_SOLELC_R,0.5,
181,TX,2050,ethos_R,R_WH_SOLELC_R,0.5,
182,N_CEN,2020,ELC,R_WH_SOLELC_R,0.5,
183,N_CEN,2020,ethos_R,R_WH_SOLELC_R,0.5,
184,N_CEN,2025,ELC,R_WH_SOLELC_R,0.5,
185,N_CEN,2025,ethos_R,R_WH_SOLELC_R,0.5,
186,N_CEN,2030,ELC,R_WH_SOLELC_R,0.5,
187,N_CEN,2030,ethos_R,R_WH_SOLELC_R,0.5,
188,N_CEN,2035,ELC,R_WH_SOLELC_R,0.5,
189,N_CEN,2035,ethos_R,R_WH_SOLELC_R,0.5,
190,N_CEN,2040,ELC,R_WH_SOLELC_R,0.5,
191,N_CEN,2040,ethos_R,R_WH_SOLELC_R,0.5,
192,N_CEN,2045,ELC,R_WH_SOLELC_R,0.5,
193,N_CEN,2045,ethos_R,R_WH_SOLELC_R,0.5,
194,N_CEN,2050,ELC,R_WH_SOLELC_R,0.5,
195,N_CEN,2050,ethos_R,R_WH_SOLELC_R,0.5,
196,CEN,2020,ELC,R_WH_SOLELC_R,0.5,
197,CEN,2020,ethos_R,R_WH_SOLELC_R,0.5,
198,CEN,2025,ELC,R_WH_SOLELC_R,0.5,
199,CEN,2025,ethos_R,R_WH_SOLELC_R,0.5,
200,CEN,2030,ELC,R_WH_SOLELC_R,0.5,
201,CEN,2030,ethos_R,R_WH_SOLELC_R,0.5,
202,CEN,2035,ELC,R_WH_SOLELC_R,0.5,
203,CEN,2035,ethos_R,R_WH_SOLELC_R,0.5,
204,CEN,2040,ELC,R_WH_SOLELC_R,0.5,
205,CEN,2040,ethos_R,R_WH_SOLELC_R,0.5,
206,CEN,2045,ELC,R_WH_SOLELC_R,0.5,
207,CEN,2045,ethos_R,R_WH_SOLELC_R,0.5,
208,CEN,2050,ELC,R_WH_SOLELC_R,0.5,
209,CEN,2050,ethos_R,R_WH_SOLELC_R,0.5,
210,SE,2020,ELC,R_WH_SOLELC_R,0.5,
211,SE,2020,ethos_R,R_WH_SOLELC_R,0.5,
212,SE,2025,ELC,R_WH_SOLELC_R,0.5,
213,SE,2025,ethos_R,R_WH_SOLELC_R,0.5,
214,SE,2030,ELC,R_WH_SOLELC_R,0.5,
215,SE,2030,ethos_R,R_WH_SOLELC_R,0.5,
216,SE,2035,ELC,R_WH_SOLELC_R,0.5,
217,SE,2035,ethos_R,R_WH_SOLELC_R,0.5,
218,SE,2040,ELC,R_WH_SOLELC_R,0.5,
219,SE,2040,ethos_R,R_WH_SOLELC_R,0.5,
220,SE,2045,ELC,R_WH_SOLELC_R,0.5,
221,SE,2045,ethos_R,R_WH_SOLELC_R,0.5,
222,SE,2050,ELC,R_WH_SOLELC_R,0.5,
223,SE,2050,ethos_R,R_WH_SOLELC_R,0.5,
224,MID_AT,2020,ELC,R_WH_SOLELC_R,0.5,
225,MID_AT,2020,ethos_R,R_WH_SOLELC_R,0.5,
226,MID_AT,2025,ELC,R_WH_SOLELC_R,0.5,
227,MID_AT,2025,ethos_R,R_WH_SOLELC_R,0.5,
228,MID_AT,2030,ELC,R_WH_SOLELC_R,0.5,
229,MID_AT,2030,ethos_R,R_WH_SOLELC_R,0.5,
230,MID_AT,2035,ELC,R_WH_SOLELC_R,0.5,
231,MID_AT,2035,ethos_R,R_WH_SOLELC_R,0.5,
232,MID_AT,2040,ELC,R_WH_SOLELC_R,0.5,
233,MID_AT,2040,ethos_R,R_WH_SOLELC_R,0.5,
234,MID_AT,2045,ELC,R_WH_SOLELC_R,0.5,
235,MID_AT,2045,ethos_R,R_WH_SOLELC_R,0.5,
236,MID_AT,2050,ELC,R_WH_SOLELC_R,0.5,
237,MID_AT,2050,ethos_R,R_WH_SOLELC_R,0.5,
238,NE,2020,ELC,R_WH_SOLELC_R,0.5,
239,NE,2020,ethos_R,R_WH_SOLELC_R,0.5,
240,NE,2025,ELC,R_WH_SOLELC_R,0.5,
241,NE,2025,ethos_R,R_WH_SOLELC_R,0.5,
242,NE,2030,ELC,R_WH_SOLELC_R,0.5,
243,NE,2030,ethos_R,R_WH_SOLELC_R,0.5,
244,NE,2035,ELC,R_WH_SOLELC_R,0.5,
245,NE,2035,ethos_R,R_WH_SOLELC_R,0.5,
246,NE,2040,ELC,R_WH_SOLELC_R,0.5,
247,NE,2040,ethos_R,R_WH_SOLELC_R,0.5,
248,NE,2045,ELC,R_WH_SOLELC_R,0.5,
249,NE,2045,ethos_R,R_WH_SOLELC_R,0.5,
250,NE,2050,ELC,R_WH_SOLELC_R,0.5,
251,NE,2050,ethos_R,R_WH_SOLELC_R,0.5,
0,CA,2017,CRFBVM,C_BLND_FUEL_RF,0.08052094262853256,
1,CEN,2017,CRFBVM,C_BLND_FUEL_RF,0.09114287633603796,
2,MID_AT,2017,CRFBVM,C_BLND_FUEL_RF,0.09323865712930665,
3,NE,2017,CRFBVM,C_BLND_FUEL_RF,0.08114100951222276,
4,NW,2017,CRFBVM,C_BLND_FUEL_RF,0.0814886751963491,
5,N_CEN,2017,CRFBVM,C_BLND_FUEL_RF,0.10376071454205098,
6,SE,2017,CRFBVM,C_BLND_FUEL_RF,0.10015980239196955,
7,SW,2017,CRFBVM,C_BLND_FUEL_RF,0.08641672721674809,
8,TX,2017,CRFBVM,C_BLND_FUEL_RF,0.09219968573540707,
9,CA,2020,CRFBVM,C_BLND_FUEL_RF,0.09166428988988419,
10,CEN,2020,CRFBVM,C_BLND_FUEL_RF,0.09897118006341453,
11,MID_AT,2020,CRFBVM,C_BLND_FUEL_RF,0.10064003258783255,
12,NE,2020,CRFBVM,C_BLND_FUEL_RF,0.09206679597166142,
13,NW,2020,CRFBVM,C_BLND_FUEL_RF,0.0923452633305188,
14,N_CEN,2020,CRFBVM,C_BLND_FUEL_RF,0.10813781807467779,
15,SE,2020,CRFBVM,C_BLND_FUEL_RF,0.10541690520114105,
16,SW,2020,CRFBVM,C_BLND_FUEL_RF,0.09578514852177354,
17,TX,2020,CRFBVM,C_BLND_FUEL_RF,0.09969235953101326,
18,CA,2025,CRFBVM,C_BLND_FUEL_RF,0.10862839055498945,
19,CEN,2025,CRFBVM,C_BLND_FUEL_RF,0.11126988990970582,
20,MID_AT,2025,CRFBVM,C_BLND_FUEL_RF,0.11212848275804546,
21,NE,2025,CRFBVM,C_BLND_FUEL_RF,0.10903993068486043,
22,NW,2025,CRFBVM,C_BLND_FUEL_RF,0.10885910961224032,
23,N_CEN,2025,CRFBVM,C_BLND_FUEL_RF,0.11509204418301229,
24,SE,2025,CRFBVM,C_BLND_FUEL_RF,0.11368252021138578,
25,SW,2025,CRFBVM,C_BLND_FUEL_RF,0.11000476177279239,
26,TX,2025,CRFBVM,C_BLND_FUEL_RF,0.11145596132944714,
27,CA,2030,CRFBVM,C_BLND_FUEL_RF,0.11910055238684718,
28,CEN,2030,CRFBVM,C_BLND_FUEL_RF,0.119692993462043,
29,MID_AT,2030,CRFBVM,C_BLND_FUEL_RF,0.11982281737424343,
30,NE,2030,CRFBVM,C_BLND_FUEL_RF,0.11968977086239707,
31,NW,2030,CRFBVM,C_BLND_FUEL_RF,0.11908462029614497,
32,N_CEN,2030,CRFBVM,C_BLND_FUEL_RF,0.12033018643658232,
33,SE,2030,CRFBVM,C_BLND_FUEL_RF,0.11975624600747316,
34,SW,2030,CRFBVM,C_BLND_FUEL_RF,0.11900659389008575,
35,TX,2030,CRFBVM,C_BLND_FUEL_RF,0.11965259254713256,
36,CA,2035,CRFBVM,C_BLND_FUEL_RF,0.12251078378662177,
37,CEN,2035,CRFBVM,C_BLND_FUEL_RF,0.12211312356073489,
38,MID_AT,2035,CRFBVM,C_BLND_FUEL_RF,0.12237281682071546,
39,NE,2035,CRFBVM,C_BLND_FUEL_RF,0.12306887677113208,
40,NW,2035,CRFBVM,C_BLND_FUEL_RF,0.12241707672374302,
41,N_CEN,2035,CRFBVM,C_BLND_FUEL_RF,0.12228526212634819,
42,SE,2035,CRFBVM,C_BLND_FUEL_RF,0.1218210519101499,
43,SW,2035,CRFBVM,C_BLND_FUEL_RF,0.12196393139059555,
44,TX,2035,CRFBVM,C_BLND_FUEL_RF,0.1219247466096118,
45,CA,2040,CRFBVM,C_BLND_FUEL_RF,0.12211186585620042,
46,CEN,2040,CRFBVM,C_BLND_FUEL_RF,0.12202434616997361,
47,MID_AT,2040,CRFBVM,C_BLND_FUEL_RF,0.12222528476981134,
48,NE,2040,CRFBVM,C_BLND_FUEL_RF,0.12265055989782972,
49,NW,2040,CRFBVM,C_BLND_FUEL_RF,0.12204904070916087,
50,N_CEN,2040,CRFBVM,C_BLND_FUEL_RF,0.12236099859761432,
51,SE,2040,CRFBVM,C_BLND_FUEL_RF,0.12185368538466211,
52,SW,2040,CRFBVM,C_BLND_FUEL_RF,0.12174870677139872,
53,TX,2040,CRFBVM,C_BLND_FUEL_RF,0.12185482452885371,
54,CA,2045,CRFBVM,C_BLND_FUEL_RF,0.12189933134447102,
55,CEN,2045,CRFBVM,C_BLND_FUEL_RF,0.12192781497608467,
56,MID_AT,2045,CRFBVM,C_BLND_FUEL_RF,0.12206480260521704,
57,NE,2045,CRFBVM,C_BLND_FUEL_RF,0.12238387275202385,
58,NW,2045,CRFBVM,C_BLND_FUEL_RF,0.12184781293878341,
59,N_CEN,2045,CRFBVM,C_BLND_FUEL_RF,0.1222244090748234,
60,SE,2045,CRFBVM,C_BLND_FUEL_RF,0.12177517879782636,
61,SW,2045,CRFBVM,C_BLND_FUEL_RF,0.12160417544044765,
62,TX,2045,CRFBVM,C_BLND_FUEL_RF,0.12180977900572335,
63,CA,2050,CRFBVM,C_BLND_FUEL_RF,0.12219742487758221,
64,CEN,2050,CRFBVM,C_BLND_FUEL_RF,0.12211737353371986,
65,MID_AT,2050,CRFBVM,C_BLND_FUEL_RF,0.12226272416743722,
66,NE,2050,CRFBVM,C_BLND_FUEL_RF,0.12265473293316827,
67,NW,2050,CRFBVM,C_BLND_FUEL_RF,0.12214162670992233,
68,N_CEN,2050,CRFBVM,C_BLND_FUEL_RF,0.12235676320133175,
69,SE,2050,CRFBVM,C_BLND_FUEL_RF,0.12194172521622722,
70,SW,2050,CRFBVM,C_BLND_FUEL_RF,0.12188028358858133,
71,TX,2050,CRFBVM,C_BLND_FUEL_RF,0.1219966382720059,
72,CA,2017,CRFCEN,C_BLND_FUEL_RF,0.42322606696983006,
73,CEN,2017,CRFCEN,C_BLND_FUEL_RF,0.32108735614785916,
74,MID_AT,2017,CRFCEN,C_BLND_FUEL_RF,0.33037724868790336,
75,NE,2017,CRFCEN,C_BLND_FUEL_RF,0.41799421907386725,
76,NW,2017,CRFCEN,C_BLND_FUEL_RF,0.4150440855853092,
77,N_CEN,2017,CRFCEN,C_BLND_FUEL_RF,0.25468334083904504,
78,SE,2017,CRFCEN,C_BLND_FUEL_RF,0.27871089118170683,
79,SW,2017,CRFCEN,C_BLND_FUEL_RF,0.37337841137551037,
80,TX,2017,CRFCEN,C_BLND_FUEL_RF,0.31944740314206804,
81,CA,2020,CRFCEN,C_BLND_FUEL_RF,0.3669827644339483,
82,CEN,2020,CRFCEN,C_BLND_FUEL_RF,0.29979189980954013,
83,MID_AT,2020,CRFCEN,C_BLND_FUEL_RF,0.3052023444781505,
84,NE,2020,CRFCEN,C_BLND_FUEL_RF,0.3641083157523168,
85,NW,2020,CRFCEN,C_BLND_FUEL_RF,0.3615087650886825,
86,N_CEN,2020,CRFCEN,C_BLND_FUEL_RF,0.25442296026398353,
87,SE,2020,CRFCEN,C_BLND_FUEL_RF,0.2711533531162727,
88,SW,2020,CRFCEN,C_BLND_FUEL_RF,0.3338572765560757,
89,TX,2020,CRFCEN,C_BLND_FUEL_RF,0.29876653635221484,
90,CA,2025,CRFCEN,C_BLND_FUEL_RF,0.29362639508941835,
91,CEN,2025,CRFCEN,C_BLND_FUEL_RF,0.2753358223686223,
92,MID_AT,2025,CRFCEN,C_BLND_FUEL_RF,0.27564788355678316,
93,NE,2025,CRFCEN,C_BLND_FUEL_RF,0.29258282567763455,
94,NW,2025,CRFCEN,C_BLND_FUEL_RF,0.29212789270834416,
95,N_CEN,2025,CRFCEN,C_BLND_FUEL_RF,0.2604836547734754,
96,SE,2025,CRFCEN,C_BLND_FUEL_RF,0.26651815700237325,
97,SW,2025,CRFCEN,C_BLND_FUEL_RF,0.28468697078830074,
98,TX,2025,CRFCEN,C_BLND_FUEL_RF,0.2752738130074649,
99,CA,2030,CRFCEN,C_BLND_FUEL_RF,0.2843177472880189,
100,CEN,2030,CRFCEN,C_BLND_FUEL_RF,0.2822473808518655,
101,MID_AT,2030,CRFCEN,C_BLND_FUEL_RF,0.28191660007269415,
102,NE,2030,CRFCEN,C_BLND_FUEL_RF,0.28359954431049283,
103,NW,2030,CRFCEN,C_BLND_FUEL_RF,0.2842042309300937,
104,N_CEN,2030,CRFCEN,C_BLND_FUEL_RF,0.27995771903809274,
105,SE,2030,CRFCEN,C_BLND_FUEL_RF,0.2811940854041688,
106,SW,2030,CRFCEN,C_BLND_FUEL_RF,0.2836482917502728,
107,TX,2030,CRFCEN,C_BLND_FUEL_RF,0.28228958590164055,
108,CA,2035,CRFCEN,C_BLND_FUEL_RF,0.2903789547486203,
109,CEN,2035,CRFCEN,C_BLND_FUEL_RF,0.2904150597115243,
110,MID_AT,2035,CRFCEN,C_BLND_FUEL_RF,0.2902657385382729,
111,NE,2035,CRFCEN,C_BLND_FUEL_RF,0.2901048444992223,
112,NW,2035,CRFCEN,C_BLND_FUEL_RF,0.29040901333337094,
113,N_CEN,2035,CRFCEN,C_BLND_FUEL_RF,0.29016099347862867,
114,SE,2035,CRFCEN,C_BLND_FUEL_RF,0.29044158874558945,
115,SW,2035,CRFCEN,C_BLND_FUEL_RF,0.2905543695848882,
116,TX,2035,CRFCEN,C_BLND_FUEL_RF,0.2904975629006415,
117,CA,2040,CRFCEN,C_BLND_FUEL_RF,0.29140300020109156,
118,CEN,2040,CRFCEN,C_BLND_FUEL_RF,0.29142622144454533,
119,MID_AT,2040,CRFCEN,C_BLND_FUEL_RF,0.29134847743339526,
120,NE,2040,CRFCEN,C_BLND_FUEL_RF,0.2911811084264026,
121,NW,2040,CRFCEN,C_BLND_FUEL_RF,0.29142785969848306,
122,N_CEN,2040,CRFCEN,C_BLND_FUEL_RF,0.2912869609035997,
123,SE,2040,CRFCEN,C_BLND_FUEL_RF,0.29149614084298925,
124,SW,2040,CRFCEN,C_BLND_FUEL_RF,0.291546699861924,
125,TX,2040,CRFCEN,C_BLND_FUEL_RF,0.2914957064997633,
126,CA,2045,CRFCEN,C_BLND_FUEL_RF,0.2915027462507704,
127,CEN,2045,CRFCEN,C_BLND_FUEL_RF,0.2914871175579778,
128,MID_AT,2045,CRFCEN,C_BLND_FUEL_RF,0.29143226199793776,
129,NE,2045,CRFCEN,C_BLND_FUEL_RF,0.2913079031853732,
130,NW,2045,CRFCEN,C_BLND_FUEL_RF,0.2915231860260118,
131,N_CEN,2045,CRFCEN,C_BLND_FUEL_RF,0.29136540952434303,
132,SE,2045,CRFCEN,C_BLND_FUEL_RF,0.2915465726917061,
133,SW,2045,CRFCEN,C_BLND_FUEL_RF,0.2916198484836303,
134,TX,2045,CRFCEN,C_BLND_FUEL_RF,0.29153327809403046,
135,CA,2050,CRFCEN,C_BLND_FUEL_RF,0.2913561763873032,
136,CEN,2050,CRFCEN,C_BLND_FUEL_RF,0.2913934357017804,
137,MID_AT,2050,CRFCEN,C_BLND_FUEL_RF,0.2913337008684507,
138,NE,2050,CRFCEN,C_BLND_FUEL_RF,0.2911701169336858,
139,NW,2050,CRFCEN,C_BLND_FUEL_RF,0.2913792822750335,
140,N_CEN,2050,CRFCEN,C_BLND_FUEL_RF,0.29129823321736464,
141,SE,2050,CRFCEN,C_BLND_FUEL_RF,0.2914667485634551,
142,SW,2050,CRFCEN,C_BLND_FUEL_RF,0.2914875038363154,
143,TX,2050,CRFCEN,C_BLND_FUEL_RF,0.2914433885944698,
144,CA,2017,CRFICM,C_BLND_FUEL_RF,0.03419583689227757,
145,CEN,2017,CRFICM,C_BLND_FUEL_RF,0.04136466244884481,
146,MID_AT,2017,CRFICM,C_BLND_FUEL_RF,0.03908691243500969,
147,NE,2017,CRFICM,C_BLND_FUEL_RF,0.03627766609889891,
148,NW,2017,CRFICM,C_BLND_FUEL_RF,0.0347668641942741,
149,N_CEN,2017,CRFICM,C_BLND_FUEL_RF,0.04162707782870813,
150,SE,2017,CRFICM,C_BLND_FUEL_RF,0.04107267199819142,
151,SW,2017,CRFICM,C_BLND_FUEL_RF,0.0376747463332995,
152,TX,2017,CRFICM,C_BLND_FUEL_RF,0.04195192797667597,
153,CA,2020,CRFICM,C_BLND_FUEL_RF,0.052624822642281195,
154,CEN,2020,CRFICM,C_BLND_FUEL_RF,0.05639539069034611,
155,MID_AT,2020,CRFICM,C_BLND_FUEL_RF,0.05454534606405794,
156,NE,2020,CRFICM,C_BLND_FUEL_RF,0.05340889554372431,
157,NW,2020,CRFICM,C_BLND_FUEL_RF,0.05293156832004626,
158,N_CEN,2020,CRFICM,C_BLND_FUEL_RF,0.055031101144271344,
159,SE,2020,CRFICM,C_BLND_FUEL_RF,0.05556789458664834,
160,SW,2020,CRFICM,C_BLND_FUEL_RF,0.05448107062287029,
161,TX,2020,CRFICM,C_BLND_FUEL_RF,0.056944820885799524,
162,CA,2025,CRFICM,C_BLND_FUEL_RF,0.07435362142428306,
163,CEN,2025,CRFICM,C_BLND_FUEL_RF,0.07332919720749662,
164,MID_AT,2025,CRFICM,C_BLND_FUEL_RF,0.07298214826476253,
165,NE,2025,CRFICM,C_BLND_FUEL_RF,0.07376449852506906,
166,NW,2025,CRFICM,C_BLND_FUEL_RF,0.07433026656064412,
167,N_CEN,2025,CRFICM,C_BLND_FUEL_RF,0.07171802432976836,
168,SE,2025,CRFICM,C_BLND_FUEL_RF,0.07272749992159641,
169,SW,2025,CRFICM,C_BLND_FUEL_RF,0.07421429629660882,
170,TX,2025,CRFICM,C_BLND_FUEL_RF,0.07347071234419619,
171,CA,2030,CRFICM,C_BLND_FUEL_RF,0.07403127461119327,
172,CEN,2030,CRFICM,C_BLND_FUEL_RF,0.07376670414138611,
173,MID_AT,2030,CRFICM,C_BLND_FUEL_RF,0.07365461550584508,
174,NE,2030,CRFICM,C_BLND_FUEL_RF,0.07343323392602369,
175,NW,2030,CRFICM,C_BLND_FUEL_RF,0.07408621564483556,
176,N_CEN,2030,CRFICM,C_BLND_FUEL_RF,0.07341993542057927,
177,SE,2030,CRFICM,C_BLND_FUEL_RF,0.07393452380773259,
178,SW,2030,CRFICM,C_BLND_FUEL_RF,0.0743552858805258,
179,TX,2030,CRFICM,C_BLND_FUEL_RF,0.07384770383737341,
180,CA,2035,CRFICM,C_BLND_FUEL_RF,0.0724911483690577,
181,CEN,2035,CRFICM,C_BLND_FUEL_RF,0.0729131915684166,
182,MID_AT,2035,CRFICM,C_BLND_FUEL_RF,0.07262176673466046,
183,NE,2035,CRFICM,C_BLND_FUEL_RF,0.07195313668914347,
184,NW,2035,CRFICM,C_BLND_FUEL_RF,0.07258068588859166,
185,N_CEN,2035,CRFICM,C_BLND_FUEL_RF,0.07267268063886434,
186,SE,2035,CRFICM,C_BLND_FUEL_RF,0.0731586887250475,
187,SW,2035,CRFICM,C_BLND_FUEL_RF,0.07301366829004532,
188,TX,2035,CRFICM,C_BLND_FUEL_RF,0.07312188400990569,
189,CA,2040,CRFICM,C_BLND_FUEL_RF,0.07330463873575517,
190,CEN,2040,CRFICM,C_BLND_FUEL_RF,0.07325556685848185,
191,MID_AT,2040,CRFICM,C_BLND_FUEL_RF,0.07310515023077557,
192,NE,2040,CRFICM,C_BLND_FUEL_RF,0.07278996909266756,
193,NW,2040,CRFICM,C_BLND_FUEL_RF,0.07335611062490426,
194,N_CEN,2040,CRFICM,C_BLND_FUEL_RF,0.07291621970371615,
195,SE,2040,CRFICM,C_BLND_FUEL_RF,0.07340272584013299,
196,SW,2040,CRFICM,C_BLND_FUEL_RF,0.07360217061649442,
197,TX,2040,CRFICM,C_BLND_FUEL_RF,0.07339633151215816,
198,CA,2045,CRFICM,C_BLND_FUEL_RF,0.07315457606172623,
199,CEN,2045,CRFICM,C_BLND_FUEL_RF,0.07318499582088704,
200,MID_AT,2045,CRFICM,C_BLND_FUEL_RF,0.0730404206439145,
201,NE,2045,CRFICM,C_BLND_FUEL_RF,0.07269234348827555,
202,NW,2045,CRFICM,C_BLND_FUEL_RF,0.07320835101727456,
203,N_CEN,2045,CRFICM,C_BLND_FUEL_RF,0.07291890575708798,
204,SE,2045,CRFICM,C_BLND_FUEL_RF,0.07334361239391113,
205,SW,2045,CRFICM,C_BLND_FUEL_RF,0.07346266004466077,
206,TX,2045,CRFICM,C_BLND_FUEL_RF,0.07330155491901759,
207,CA,2050,CRFICM,C_BLND_FUEL_RF,0.07296019715012726,
208,CEN,2050,CRFICM,C_BLND_FUEL_RF,0.07303247387355657,
209,MID_AT,2050,CRFICM,C_BLND_FUEL_RF,0.07289564442177066,
210,NE,2050,CRFICM,C_BLND_FUEL_RF,0.07251940941712852,
211,NW,2050,CRFICM,C_BLND_FUEL_RF,0.07301351048125161,
212,N_CEN,2050,CRFICM,C_BLND_FUEL_RF,0.07280148208103897,
213,SE,2050,CRFICM,C_BLND_FUEL_RF,0.0732033146648545,
214,SW,2050,CRFICM,C_BLND_FUEL_RF,0.07326321531833611,
215,TX,2050,CRFICM,C_BLND_FUEL_RF,0.07314988260579136,
216,CA,2017,CRFRIF,C_BLND_FUEL_RF,0.18223466266019667,
217,CEN,2017,CRFRIF,C_BLND_FUEL_RF,0.2092141382521456,
218,MID_AT,2017,CRFRIF,C_BLND_FUEL_RF,0.21594277097148515,
219,NE,2017,CRFRIF,C_BLND_FUEL_RF,0.1841317807926434,
220,NW,2017,CRFRIF,C_BLND_FUEL_RF,0.18468864134426674,
221,N_CEN,2017,CRFRIF,C_BLND_FUEL_RF,0.2444343684074707,
222,SE,2017,CRFRIF,C_BLND_FUEL_RF,0.23376346168578074,
223,SW,2017,CRFRIF,C_BLND_FUEL_RF,0.19718520807585235,
224,TX,2017,CRFRIF,C_BLND_FUEL_RF,0.21149218465065972,
225,CA,2020,CRFRIF,C_BLND_FUEL_RF,0.1697582285642657,
226,CEN,2020,CRFRIF,C_BLND_FUEL_RF,0.18887330137808903,
227,MID_AT,2020,CRFRIF,C_BLND_FUEL_RF,0.19492989587642795,
228,NE,2020,CRFRIF,C_BLND_FUEL_RF,0.1716737672647594,
229,NW,2020,CRFRIF,C_BLND_FUEL_RF,0.1715136115297142,
230,N_CEN,2020,CRFRIF,C_BLND_FUEL_RF,0.21678918403216338,
231,SE,2020,CRFRIF,C_BLND_FUEL_RF,0.20736453013376452,
232,SW,2020,CRFRIF,C_BLND_FUEL_RF,0.18038079416491384,
233,TX,2020,CRFRIF,C_BLND_FUEL_RF,0.19002287976694313,
234,CA,2025,CRFRIF,C_BLND_FUEL_RF,0.14865091830087826,
235,CEN,2025,CRFRIF,C_BLND_FUEL_RF,0.15776759422376824,
236,MID_AT,2025,CRFRIF,C_BLND_FUEL_RF,0.16077745769932988,
237,NE,2025,CRFRIF,C_BLND_FUEL_RF,0.15061177463992229,
238,NW,2025,CRFRIF,C_BLND_FUEL_RF,0.14936117785136205,
239,N_CEN,2025,CRFRIF,C_BLND_FUEL_RF,0.17131755615421895,
240,SE,2025,CRFRIF,C_BLND_FUEL_RF,0.16567451165006233,
241,SW,2025,CRFRIF,C_BLND_FUEL_RF,0.15288802300347104,
242,TX,2025,CRFRIF,C_BLND_FUEL_RF,0.15797075356788345,
243,CA,2030,CRFRIF,C_BLND_FUEL_RF,0.13127427482305873,
244,CEN,2030,CRFRIF,C_BLND_FUEL_RF,0.13408444145969314,
245,MID_AT,2030,CRFRIF,C_BLND_FUEL_RF,0.13476005456262632,
246,NE,2030,CRFRIF,C_BLND_FUEL_RF,0.13251348200535218,
247,NW,2030,CRFRIF,C_BLND_FUEL_RF,0.13139734110406767,
248,N_CEN,2030,CRFRIF,C_BLND_FUEL_RF,0.1375991920403161,
249,SE,2030,CRFRIF,C_BLND_FUEL_RF,0.13563474097804928,
250,SW,2030,CRFRIF,C_BLND_FUEL_RF,0.13200005042788926,
251,TX,2030,CRFRIF,C_BLND_FUEL_RF,0.13402220102348383,
252,CA,2035,CRFRIF,C_BLND_FUEL_RF,0.12366121271237475,
253,CEN,2035,CRFRIF,C_BLND_FUEL_RF,0.12350071841350387,
254,MID_AT,2035,CRFRIF,C_BLND_FUEL_RF,0.12379722120343292,
255,NE,2035,CRFRIF,C_BLND_FUEL_RF,0.12429431070200199,
256,NW,2035,CRFRIF,C_BLND_FUEL_RF,0.1235802051532741,
257,N_CEN,2035,CRFRIF,C_BLND_FUEL_RF,0.12392917791343598,
258,SE,2035,CRFRIF,C_BLND_FUEL_RF,0.1233314848411402,
259,SW,2035,CRFRIF,C_BLND_FUEL_RF,0.12318847163577362,
260,TX,2035,CRFRIF,C_BLND_FUEL_RF,0.12330954475138864,
261,CA,2040,CRFRIF,C_BLND_FUEL_RF,0.1221222294875296,
262,CEN,2040,CRFRIF,C_BLND_FUEL_RF,0.12203699171838282,
263,MID_AT,2040,CRFRIF,C_BLND_FUEL_RF,0.12223818833763714,
264,NE,2040,CRFRIF,C_BLND_FUEL_RF,0.12266172047115687,
265,NW,2040,CRFRIF,C_BLND_FUEL_RF,0.1220595042466061,
266,N_CEN,2040,CRFRIF,C_BLND_FUEL_RF,0.12237587196641206,
267,SE,2040,CRFRIF,C_BLND_FUEL_RF,0.12186730913475849,
268,SW,2040,CRFRIF,C_BLND_FUEL_RF,0.12175964790736371,
269,TX,2040,CRFRIF,C_BLND_FUEL_RF,0.12186744206482866,
270,CA,2045,CRFRIF,C_BLND_FUEL_RF,0.12189934082673777,
271,CEN,2045,CRFRIF,C_BLND_FUEL_RF,0.12192782477074018,
272,MID_AT,2045,CRFRIF,C_BLND_FUEL_RF,0.12206481243790496,
273,NE,2045,CRFRIF,C_BLND_FUEL_RF,0.12238388236551209,
274,NW,2045,CRFRIF,C_BLND_FUEL_RF,0.12184782243097725,
275,N_CEN,2045,CRFRIF,C_BLND_FUEL_RF,0.12222441917871672,
276,SE,2045,CRFRIF,C_BLND_FUEL_RF,0.12177518871136986,
277,SW,2045,CRFRIF,C_BLND_FUEL_RF,0.12160418497958797,
278,TX,2045,CRFRIF,C_BLND_FUEL_RF,0.12180978879314096,
279,CA,2050,CRFRIF,C_BLND_FUEL_RF,0.12219743462635868,
280,CEN,2050,CRFRIF,C_BLND_FUEL_RF,0.12211738327937754,
281,MID_AT,2050,CRFRIF,C_BLND_FUEL_RF,0.12226273391678406,
282,NE,2050,CRFRIF,C_BLND_FUEL_RF,0.12265474269307805,
283,NW,2050,CRFRIF,C_BLND_FUEL_RF,0.12214163645723862,
284,N_CEN,2050,CRFRIF,C_BLND_FUEL_RF,0.12235677295229642,
285,SE,2050,CRFRIF,C_BLND_FUEL_RF,0.12194173495720861,
286,SW,2050,CRFRIF,C_BLND_FUEL_RF,0.12188029332905842,
287,TX,2050,CRFRIF,C_BLND_FUEL_RF,0.12199664801453657,
288,CA,2017,CRFRIR,C_BLND_FUEL_RF,0.06522378326821486,
289,CEN,2017,CRFRIR,C_BLND_FUEL_RF,0.07338582739793269,
290,MID_AT,2017,CRFRIR,C_BLND_FUEL_RF,0.07476966765675673,
291,NE,2017,CRFRIR,C_BLND_FUEL_RF,0.0656002147707898,
292,NW,2017,CRFRIR,C_BLND_FUEL_RF,0.06596163422546347,
293,N_CEN,2017,CRFRIR,C_BLND_FUEL_RF,0.08259037064641249,
294,SE,2017,CRFRIR,C_BLND_FUEL_RF,0.08007267625790615,
295,SW,2017,CRFRIR,C_BLND_FUEL_RF,0.06971904409421105,
296,TX,2017,CRFRIR,C_BLND_FUEL_RF,0.07426744960076695,
297,CA,2020,CRFRIR,C_BLND_FUEL_RF,0.07991742624662379,
298,CEN,2020,CRFRIR,C_BLND_FUEL_RF,0.08544781219116143,
299,MID_AT,2020,CRFRIR,C_BLND_FUEL_RF,0.08644752759153575,
300,NE,2020,CRFRIR,C_BLND_FUEL_RF,0.0800473365044535,
301,NW,2020,CRFRIR,C_BLND_FUEL_RF,0.08043052694381932,
302,N_CEN,2020,CRFRIR,C_BLND_FUEL_RF,0.09178214782004075,
303,SE,2020,CRFRIR,C_BLND_FUEL_RF,0.0900896631201408,
304,SW,2020,CRFRIR,C_BLND_FUEL_RF,0.08302241582609425,
305,TX,2020,CRFRIR,C_BLND_FUEL_RF,0.0861189886393247,
306,CA,2025,CRFRIR,C_BLND_FUEL_RF,0.10260572173975298,
307,CEN,2025,CRFRIR,C_BLND_FUEL_RF,0.10427238168075659,
308,MID_AT,2025,CRFRIR,C_BLND_FUEL_RF,0.10480490656474241,
309,NE,2025,CRFRIR,C_BLND_FUEL_RF,0.10275119056858427,
310,NW,2025,CRFRIR,C_BLND_FUEL_RF,0.10275867318495649,
311,N_CEN,2025,CRFRIR,C_BLND_FUEL_RF,0.1066214672087791,
312,SE,2025,CRFRIR,C_BLND_FUEL_RF,0.10586653426425839,
313,SW,2025,CRFRIR,C_BLND_FUEL_RF,0.10351816464502434,
314,TX,2025,CRFRIR,C_BLND_FUEL_RF,0.10447445451654717,
315,CA,2030,CRFRIR,C_BLND_FUEL_RF,0.11726809726200853,
316,CEN,2030,CRFRIR,C_BLND_FUEL_RF,0.11752702363149661,
317,MID_AT,2030,CRFRIR,C_BLND_FUEL_RF,0.11757299024179407,
318,NE,2030,CRFRIR,C_BLND_FUEL_RF,0.11774193138577392,
319,NW,2030,CRFRIR,C_BLND_FUEL_RF,0.11722777098019051,
320,N_CEN,2030,CRFRIR,C_BLND_FUEL_RF,0.11772499172199025,
321,SE,2030,CRFRIR,C_BLND_FUEL_RF,0.11736966475816077,
322,SW,2030,CRFRIR,C_BLND_FUEL_RF,0.1170302755667639,
323,TX,2030,CRFRIR,C_BLND_FUEL_RF,0.1175001133736953,
324,CA,2035,CRFRIR,C_BLND_FUEL_RF,0.12233775678365935,
325,CEN,2035,CRFRIR,C_BLND_FUEL_RF,0.12190465931534446,
326,MID_AT,2035,CRFRIR,C_BLND_FUEL_RF,0.12215792246202148,
327,NE,2035,CRFRIR,C_BLND_FUEL_RF,0.12288136252939022,
328,NW,2035,CRFRIR,C_BLND_FUEL_RF,0.12224146535396874,
329,N_CEN,2035,CRFRIR,C_BLND_FUEL_RF,0.12203684029923381,
330,SE,2035,CRFRIR,C_BLND_FUEL_RF,0.12159408220040306,
331,SW,2035,CRFRIR,C_BLND_FUEL_RF,0.12177582263029414,
332,TX,2035,CRFRIR,C_BLND_FUEL_RF,0.12171782261631668,
333,CA,2040,CRFRIR,C_BLND_FUEL_RF,0.12211029234823984,
334,CEN,2040,CRFRIR,C_BLND_FUEL_RF,0.12202243605726498,
335,MID_AT,2040,CRFRIR,C_BLND_FUEL_RF,0.12222331344532998,
336,NE,2040,CRFRIR,C_BLND_FUEL_RF,0.12264881677038703,
337,NW,2040,CRFRIR,C_BLND_FUEL_RF,0.12204744168067674,
338,N_CEN,2040,CRFRIR,C_BLND_FUEL_RF,0.12235872909366516,
339,SE,2040,CRFRIR,C_BLND_FUEL_RF,0.1218516197833037,
340,SW,2040,CRFRIR,C_BLND_FUEL_RF,0.12174698574273322,
341,TX,2040,CRFRIR,C_BLND_FUEL_RF,0.12185292407940075,
342,CA,2045,CRFRIR,C_BLND_FUEL_RF,0.12189931994308907,
343,CEN,2045,CRFRIR,C_BLND_FUEL_RF,0.12192780352899872,
344,MID_AT,2045,CRFRIR,C_BLND_FUEL_RF,0.12206479108912123,
345,NE,2045,CRFRIR,C_BLND_FUEL_RF,0.12238386112217771,
346,NW,2045,CRFRIR,C_BLND_FUEL_RF,0.12184780155614477,
347,N_CEN,2045,CRFRIR,C_BLND_FUEL_RF,0.12222439745839841,
348,SE,2045,CRFRIR,C_BLND_FUEL_RF,0.12177516739710989,
349,SW,2045,CRFRIR,C_BLND_FUEL_RF,0.12160416414644874,
350,TX,2045,CRFRIR,C_BLND_FUEL_RF,0.12180976761030217,
351,CA,2050,CRFRIR,C_BLND_FUEL_RF,0.12219742301281282,
352,CEN,2050,CRFRIR,C_BLND_FUEL_RF,0.12211737168879717,
353,MID_AT,2050,CRFRIR,C_BLND_FUEL_RF,0.12226272227522776,
354,NE,2050,CRFRIR,C_BLND_FUEL_RF,0.1226547309169236,
355,NW,2050,CRFRIR,C_BLND_FUEL_RF,0.12214162486305485,
356,N_CEN,2050,CRFRIR,C_BLND_FUEL_RF,0.1223567612741454,
357,SE,2050,CRFRIR,C_BLND_FUEL_RF,0.12194172342720423,
358,SW,2050,CRFRIR,C_BLND_FUEL_RF,0.12188028182556154,
359,TX,2050,CRFRIR,C_BLND_FUEL_RF,0.1219966364660046,
360,CA,2017,CRFRVM,C_BLND_FUEL_RF,0.030463166221586943,
361,CEN,2017,CRFRVM,C_BLND_FUEL_RF,0.03412219695683575,
362,MID_AT,2017,CRFRVM,C_BLND_FUEL_RF,0.03372885843233613,
363,NE,2017,CRFRVM,C_BLND_FUEL_RF,0.029315986906451,
364,NW,2017,CRFRVM,C_BLND_FUEL_RF,0.030542370985580648,
365,N_CEN,2017,CRFRVM,C_BLND_FUEL_RF,0.034712249261637726,
366,SE,2017,CRFRVM,C_BLND_FUEL_RF,0.035603390482761184,
367,SW,2017,CRFRVM,C_BLND_FUEL_RF,0.03094571092701194,
368,TX,2017,CRFRVM,C_BLND_FUEL_RF,0.03512572697488828,
369,CA,2020,CRFRVM,C_BLND_FUEL_RF,0.05153886336066657,
370,CEN,2020,CRFRVM,C_BLND_FUEL_RF,0.05352411144904418,
371,MID_AT,2020,CRFRVM,C_BLND_FUEL_RF,0.05277861646710655,
372,NE,2020,CRFRVM,C_BLND_FUEL_RF,0.05040181319016392,
373,NW,2020,CRFRVM,C_BLND_FUEL_RF,0.05156472557771702,
374,N_CEN,2020,CRFRVM,C_BLND_FUEL_RF,0.05246771152214469,
375,SE,2020,CRFRVM,C_BLND_FUEL_RF,0.053847785257459965,
376,SW,2020,CRFRVM,C_BLND_FUEL_RF,0.05169536658680241,
377,TX,2020,CRFRVM,C_BLND_FUEL_RF,0.0543846099797282,
378,CA,2025,CRFRVM,C_BLND_FUEL_RF,0.08052074543394269,
379,CEN,2025,CRFRVM,C_BLND_FUEL_RF,0.07961421806510267,
380,MID_AT,2025,CRFRVM,C_BLND_FUEL_RF,0.07928654526958245,
381,NE,2025,CRFRVM,C_BLND_FUEL_RF,0.07974989089354598,
382,NW,2025,CRFRVM,C_BLND_FUEL_RF,0.08045611209487043,
383,N_CEN,2025,CRFRVM,C_BLND_FUEL_RF,0.07794256104333547,
384,SE,2025,CRFRVM,C_BLND_FUEL_RF,0.07907025065214186,
385,SW,2025,CRFRVM,C_BLND_FUEL_RF,0.08013517057649672,
386,TX,2025,CRFRVM,C_BLND_FUEL_RF,0.07986437723248976,
387,CA,2030,CRFRVM,C_BLND_FUEL_RF,0.08600174680947811,
388,CEN,2030,CRFRVM,C_BLND_FUEL_RF,0.08546209656550904,
389,MID_AT,2030,CRFRVM,C_BLND_FUEL_RF,0.08539855421060029,
390,NE,2030,CRFRVM,C_BLND_FUEL_RF,0.08554918854956124,
391,NW,2030,CRFRVM,C_BLND_FUEL_RF,0.08601014268879331,
392,N_CEN,2030,CRFRVM,C_BLND_FUEL_RF,0.08496135983125726,
393,SE,2030,CRFRVM,C_BLND_FUEL_RF,0.08541837401276797,
394,SW,2030,CRFRVM,C_BLND_FUEL_RF,0.08605126097646319,
395,TX,2030,CRFRVM,C_BLND_FUEL_RF,0.08549938238879537,
396,CA,2035,CRFRVM,C_BLND_FUEL_RF,0.08428864162233654,
397,CEN,2035,CRFRVM,C_BLND_FUEL_RF,0.08457840759032745,
398,MID_AT,2035,CRFRVM,C_BLND_FUEL_RF,0.08438674514392236,
399,NE,2035,CRFRVM,C_BLND_FUEL_RF,0.08389830249537371,
400,NW,2035,CRFRVM,C_BLND_FUEL_RF,0.08435517272450131,
401,N_CEN,2035,CRFRVM,C_BLND_FUEL_RF,0.08444526031364495,
402,SE,2035,CRFRVM,C_BLND_FUEL_RF,0.08477624218244505,
403,SW,2035,CRFRVM,C_BLND_FUEL_RF,0.08467690149850135,
404,TX,2035,CRFRVM,C_BLND_FUEL_RF,0.08471300243946298,
405,CA,2040,CRFRVM,C_BLND_FUEL_RF,0.08464875193350974,
406,CEN,2040,CRFRVM,C_BLND_FUEL_RF,0.08470482314655849,
407,MID_AT,2040,CRFRVM,C_BLND_FUEL_RF,0.0845655827123575,
408,NE,2040,CRFRVM,C_BLND_FUEL_RF,0.0842687378847119,
409,NW,2040,CRFRVM,C_BLND_FUEL_RF,0.08469263502832418,
410,N_CEN,2040,CRFRVM,C_BLND_FUEL_RF,0.0844675684104776,
411,SE,2040,CRFRVM,C_BLND_FUEL_RF,0.0848254225651293,
412,SW,2040,CRFRVM,C_BLND_FUEL_RF,0.08490241699124623,
413,TX,2040,CRFRVM,C_BLND_FUEL_RF,0.08482432377143805,
414,CA,2045,CRFRVM,C_BLND_FUEL_RF,0.08480170383808994,
415,CEN,2045,CRFRVM,C_BLND_FUEL_RF,0.08477964776997057,
416,MID_AT,2045,CRFRVM,C_BLND_FUEL_RF,0.08468372618998621,
417,NE,2045,CRFRVM,C_BLND_FUEL_RF,0.08446201164347854,
418,NW,2045,CRFRVM,C_BLND_FUEL_RF,0.08483768293357309,
419,N_CEN,2045,CRFRVM,C_BLND_FUEL_RF,0.08457049679897435,
420,SE,2045,CRFRVM,C_BLND_FUEL_RF,0.08488569346450188,
421,SW,2045,CRFRVM,C_BLND_FUEL_RF,0.08500783293528409,
422,TX,2045,CRFRVM,C_BLND_FUEL_RF,0.08486174602321496,
423,CA,2050,CRFRVM,C_BLND_FUEL_RF,0.08457937088047242,
424,CEN,2050,CRFRVM,C_BLND_FUEL_RF,0.08463802621120163,
425,MID_AT,2050,CRFRVM,C_BLND_FUEL_RF,0.08453548347583352,
426,NE,2050,CRFRVM,C_BLND_FUEL_RF,0.08425768712030406,
427,NW,2050,CRFRVM,C_BLND_FUEL_RF,0.08461882290889763,
428,N_CEN,2050,CRFRVM,C_BLND_FUEL_RF,0.08447073013253437,
429,SE,2050,CRFRVM,C_BLND_FUEL_RF,0.08476250680312346,
430,SW,2050,CRFRVM,C_BLND_FUEL_RF,0.08480360525362866,
431,TX,2050,CRFRVM,C_BLND_FUEL_RF,0.08472337028996682,
432,CA,2017,CRFWIF,C_BLND_FUEL_RF,0.05807679709181286,
433,CEN,2017,CRFWIF,C_BLND_FUEL_RF,0.0706886016908708,
434,MID_AT,2017,CRFWIF,C_BLND_FUEL_RF,0.06575155101345298,
435,NE,2017,CRFWIF,C_BLND_FUEL_RF,0.05836905328400158,
436,NW,2017,CRFWIF,C_BLND_FUEL_RF,0.059014363016525316,
437,N_CEN,2017,CRFWIF,C_BLND_FUEL_RF,0.07237740729591541,
438,SE,2017,CRFWIF,C_BLND_FUEL_RF,0.07066695041720032,
439,SW,2017,CRFWIF,C_BLND_FUEL_RF,0.06378879533718315,
440,TX,2017,CRFWIF,C_BLND_FUEL_RF,0.06969547211314263,
441,CA,2020,CRFWIF,C_BLND_FUEL_RF,0.07073032772497019,
442,CEN,2020,CRFWIF,C_BLND_FUEL_RF,0.07875233904658498,
443,MID_AT,2020,CRFWIF,C_BLND_FUEL_RF,0.0751227992881933,
444,NE,2020,CRFWIF,C_BLND_FUEL_RF,0.07068706654208505,
445,NW,2020,CRFWIF,C_BLND_FUEL_RF,0.07133125239412781,
446,N_CEN,2020,CRFWIF,C_BLND_FUEL_RF,0.0788271469497761,
447,SE,2020,CRFWIF,C_BLND_FUEL_RF,0.07816544252043697,
448,SW,2020,CRFWIF,C_BLND_FUEL_RF,0.07436677734583307,
449,TX,2020,CRFWIF,C_BLND_FUEL_RF,0.07816750825887082,
450,CA,2025,CRFWIF,C_BLND_FUEL_RF,0.08891402458245898,
451,CEN,2025,CRFWIF,C_BLND_FUEL_RF,0.09013566412981691,
452,MID_AT,2025,CRFWIF,C_BLND_FUEL_RF,0.08884095566571709,
453,NE,2025,CRFWIF,C_BLND_FUEL_RF,0.08859879691435056,
454,NW,2025,CRFWIF,C_BLND_FUEL_RF,0.08901679746105053,
455,N_CEN,2025,CRFWIF,C_BLND_FUEL_RF,0.08876563415897006,
456,SE,2025,CRFWIF,C_BLND_FUEL_RF,0.08920039711622021,
457,SW,2025,CRFWIF,C_BLND_FUEL_RF,0.08952712362052545,
458,TX,2025,CRFWIF,C_BLND_FUEL_RF,0.08996165465904754,
459,CA,2030,CRFWIF,C_BLND_FUEL_RF,0.09365955317402883,
460,CEN,2030,CRFWIF,C_BLND_FUEL_RF,0.09314783678237525,
461,MID_AT,2030,CRFWIF,C_BLND_FUEL_RF,0.09301643641463903,
462,NE,2030,CRFWIF,C_BLND_FUEL_RF,0.09337503944921921,
463,NW,2030,CRFWIF,C_BLND_FUEL_RF,0.0936440617175576,
464,N_CEN,2030,CRFWIF,C_BLND_FUEL_RF,0.09251711857596437,
465,SE,2030,CRFWIF,C_BLND_FUEL_RF,0.0928925888823928,
466,SW,2030,CRFWIF,C_BLND_FUEL_RF,0.09356819328976203,
467,TX,2030,CRFWIF,C_BLND_FUEL_RF,0.09314641733022017,
468,CA,2035,CRFWIF,C_BLND_FUEL_RF,0.09216561333790123,
469,CEN,2035,CRFWIF,C_BLND_FUEL_RF,0.0922872266253365,
470,MID_AT,2035,CRFWIF,C_BLND_FUEL_RF,0.09219872011595022,
471,NE,2035,CRFWIF,C_BLND_FUEL_RF,0.09189943480680013,
472,NW,2035,CRFWIF,C_BLND_FUEL_RF,0.09220804971283877,
473,N_CEN,2035,CRFWIF,C_BLND_FUEL_RF,0.09223468752674609,
474,SE,2035,CRFWIF,C_BLND_FUEL_RF,0.0924382428710698,
475,SW,2035,CRFWIF,C_BLND_FUEL_RF,0.09241326204868502,
476,TX,2035,CRFWIF,C_BLND_FUEL_RF,0.09235753167270257,
477,CA,2040,CRFWIF,C_BLND_FUEL_RF,0.09214963760055746,
478,CEN,2040,CRFWIF,C_BLND_FUEL_RF,0.09226483420158886,
479,MID_AT,2040,CRFWIF,C_BLND_FUEL_RF,0.09214702838655019,
480,NE,2040,CRFWIF,C_BLND_FUEL_RF,0.09189957047883174,
481,NW,2040,CRFWIF,C_BLND_FUEL_RF,0.0921837309028096,
482,N_CEN,2040,CRFWIF,C_BLND_FUEL_RF,0.09211685247866726,
483,SE,2040,CRFWIF,C_BLND_FUEL_RF,0.09235157516468252,
484,SW,2040,CRFWIF,C_BLND_FUEL_RF,0.0923467130238107,
485,TX,2040,CRFWIF,C_BLND_FUEL_RF,0.09235425071033387,
486,CA,2045,CRFWIF,C_BLND_FUEL_RF,0.0924215240126085,
487,CEN,2045,CRFWIF,C_BLND_FUEL_RF,0.09238243093115674,
488,MID_AT,2045,CRFWIF,C_BLND_FUEL_RF,0.09232462562227658,
489,NE,2045,CRFWIF,C_BLND_FUEL_RF,0.09219309573057202,
490,NW,2045,CRFWIF,C_BLND_FUEL_RF,0.0924437047087263,
491,N_CEN,2045,CRFWIF,C_BLND_FUEL_RF,0.09223601416682604,
492,SE,2045,CRFWIF,C_BLND_FUEL_RF,0.09244932646075711,
493,SW,2045,CRFWIF,C_BLND_FUEL_RF,0.09254860021629023,
494,TX,2045,CRFWIF,C_BLND_FUEL_RF,0.09243707595505664,
495,CA,2050,CRFWIF,C_BLND_FUEL_RF,0.0922560258489637,
496,CEN,2050,CRFWIF,C_BLND_FUEL_RF,0.0922920071932004,
497,MID_AT,2050,CRFWIF,C_BLND_FUEL_RF,0.09222353472997903,
498,NE,2050,CRFWIF,C_BLND_FUEL_RF,0.0920443291679939,
499,NW,2050,CRFWIF,C_BLND_FUEL_RF,0.09228178748547895,
500,N_CEN,2050,CRFWIF,C_BLND_FUEL_RF,0.09217966783225483,
501,SE,2050,CRFWIF,C_BLND_FUEL_RF,0.0923711625740508,
502,SW,2050,CRFWIF,C_BLND_FUEL_RF,0.09240244783652837,
503,TX,2050,CRFWIF,C_BLND_FUEL_RF,0.09234675725253455,
504,CA,2017,CRFWIR,C_BLND_FUEL_RF,0.12605874426754843,
505,CEN,2017,CRFWIR,C_BLND_FUEL_RF,0.15899434076947322,
506,MID_AT,2017,CRFWIR,C_BLND_FUEL_RF,0.14710433367374942,
507,NE,2017,CRFWIR,C_BLND_FUEL_RF,0.1271700695611253,
508,NW,2017,CRFWIR,C_BLND_FUEL_RF,0.12849336545223147,
509,N_CEN,2017,CRFWIR,C_BLND_FUEL_RF,0.1658144711787595,
510,SE,2017,CRFWIR,C_BLND_FUEL_RF,0.15995015558448383,
511,SW,2017,CRFWIR,C_BLND_FUEL_RF,0.14089135664018346,
512,TX,2017,CRFWIR,C_BLND_FUEL_RF,0.15582014980639128,
513,CA,2020,CRFWIR,C_BLND_FUEL_RF,0.1167832771373601,
514,CEN,2020,CRFWIR,C_BLND_FUEL_RF,0.13824396537181963,
515,MID_AT,2020,CRFWIR,C_BLND_FUEL_RF,0.13033343764669558,
516,NE,2020,CRFWIR,C_BLND_FUEL_RF,0.11760600923083553,
517,NW,2020,CRFWIR,C_BLND_FUEL_RF,0.11837428681537401,
518,N_CEN,2020,CRFWIR,C_BLND_FUEL_RF,0.14254193019294237,
519,SE,2020,CRFWIR,C_BLND_FUEL_RF,0.1383944260641357,
520,SW,2020,CRFWIR,C_BLND_FUEL_RF,0.12641115037563685,
521,TX,2020,CRFWIR,C_BLND_FUEL_RF,0.13590229658610548,
522,CA,2025,CRFWIR,C_BLND_FUEL_RF,0.10270018287427617,
523,CEN,2025,CRFWIR,C_BLND_FUEL_RF,0.1082752324147309,
524,MID_AT,2025,CRFWIR,C_BLND_FUEL_RF,0.10553162022103708,
525,NE,2025,CRFWIR,C_BLND_FUEL_RF,0.10290109209603283,
526,NW,2025,CRFWIR,C_BLND_FUEL_RF,0.10308997052653185,
527,N_CEN,2025,CRFWIR,C_BLND_FUEL_RF,0.10805905814844043,
528,SE,2025,CRFWIR,C_BLND_FUEL_RF,0.10726012918196172,
529,SW,2025,CRFWIR,C_BLND_FUEL_RF,0.10502548929678054,
530,TX,2025,CRFWIR,C_BLND_FUEL_RF,0.10752827334292378,
531,CA,2030,CRFWIR,C_BLND_FUEL_RF,0.09434675364536647,
532,CEN,2030,CRFWIR,C_BLND_FUEL_RF,0.09407152310563135,
533,MID_AT,2030,CRFWIR,C_BLND_FUEL_RF,0.09385793161755758,
534,NE,2030,CRFWIR,C_BLND_FUEL_RF,0.09409780951117983,
535,NW,2030,CRFWIR,C_BLND_FUEL_RF,0.09434561663831656,
536,N_CEN,2030,CRFWIR,C_BLND_FUEL_RF,0.0934894969352177,
537,SE,2030,CRFWIR,C_BLND_FUEL_RF,0.0937997761492546,
538,SW,2030,CRFWIR,C_BLND_FUEL_RF,0.09434004821823734,
539,TX,2030,CRFWIR,C_BLND_FUEL_RF,0.09404200359765881,
540,CA,2035,CRFWIR,C_BLND_FUEL_RF,0.0921658886394283,
541,CEN,2035,CRFWIR,C_BLND_FUEL_RF,0.09228761321481199,
542,MID_AT,2035,CRFWIR,C_BLND_FUEL_RF,0.09219906898102424,
543,NE,2035,CRFWIR,C_BLND_FUEL_RF,0.09189973150693609,
544,NW,2035,CRFWIR,C_BLND_FUEL_RF,0.09220833110971147,
545,N_CEN,2035,CRFWIR,C_BLND_FUEL_RF,0.09223509770309794,
546,SE,2035,CRFWIR,C_BLND_FUEL_RF,0.0924386185241551,
547,SW,2035,CRFWIR,C_BLND_FUEL_RF,0.09241357292121673,
548,TX,2035,CRFWIR,C_BLND_FUEL_RF,0.09235790499997015,
549,CA,2040,CRFWIR,C_BLND_FUEL_RF,0.09214958383711627,
550,CEN,2040,CRFWIR,C_BLND_FUEL_RF,0.0922647804032041,
551,MID_AT,2040,CRFWIR,C_BLND_FUEL_RF,0.092146974684143,
552,NE,2040,CRFWIR,C_BLND_FUEL_RF,0.09189951697801266,
553,NW,2040,CRFWIR,C_BLND_FUEL_RF,0.0921836771090352,
554,N_CEN,2040,CRFWIR,C_BLND_FUEL_RF,0.09211679884584774,
555,SE,2040,CRFWIR,C_BLND_FUEL_RF,0.09235152128434165,
556,SW,2040,CRFWIR,C_BLND_FUEL_RF,0.09234665908502904,
557,TX,2040,CRFWIR,C_BLND_FUEL_RF,0.09235419683322357,
558,CA,2045,CRFWIR,C_BLND_FUEL_RF,0.0924214577225071,
559,CEN,2045,CRFWIR,C_BLND_FUEL_RF,0.09238236464418435,
560,MID_AT,2045,CRFWIR,C_BLND_FUEL_RF,0.09232455941364168,
561,NE,2045,CRFWIR,C_BLND_FUEL_RF,0.09219302971258697,
562,NW,2045,CRFWIR,C_BLND_FUEL_RF,0.09244363838850893,
563,N_CEN,2045,CRFWIR,C_BLND_FUEL_RF,0.09223594804083006,
564,SE,2045,CRFWIR,C_BLND_FUEL_RF,0.09244926008281774,
565,SW,2045,CRFWIR,C_BLND_FUEL_RF,0.09254853375365021,
566,TX,2045,CRFWIR,C_BLND_FUEL_RF,0.09243700959951394,
567,CA,2050,CRFWIR,C_BLND_FUEL_RF,0.0922559472163798,
568,CEN,2050,CRFWIR,C_BLND_FUEL_RF,0.09229192851836635,
569,MID_AT,2050,CRFWIR,C_BLND_FUEL_RF,0.09222345614451696,
570,NE,2050,CRFWIR,C_BLND_FUEL_RF,0.09204425081771787,
571,NW,2050,CRFWIR,C_BLND_FUEL_RF,0.09228170881912245,
572,N_CEN,2050,CRFWIR,C_BLND_FUEL_RF,0.09217958930903367,
573,SE,2050,CRFWIR,C_BLND_FUEL_RF,0.09237108379387599,
574,SW,2050,CRFWIR,C_BLND_FUEL_RF,0.09240236901199024,
575,TX,2050,CRFWIR,C_BLND_FUEL_RF,0.09234667850469043,
576,CA,2017,CVTCAV,C_BLND_FUEL_VT,0.6387273610550432,
577,CEN,2017,CVTCAV,C_BLND_FUEL_VT,0.6054407255646057,
578,MID_AT,2017,CVTCAV,C_BLND_FUEL_VT,0.5549738012902288,
579,NE,2017,CVTCAV,C_BLND_FUEL_VT,0.5194992160695286,
580,NW,2017,CVTCAV,C_BLND_FUEL_VT,0.6405484133564945,
581,N_CEN,2017,CVTCAV,C_BLND_FUEL_VT,0.6040287853401805,
582,SE,2017,CVTCAV,C_BLND_FUEL_VT,0.6465334752988948,
583,SW,2017,CVTCAV,C_BLND_FUEL_VT,0.6472873326648279,
584,TX,2017,CVTCAV,C_BLND_FUEL_VT,0.6085222639499174,
585,CA,2020,CVTCAV,C_BLND_FUEL_VT,0.6413541516012461,
586,CEN,2020,CVTCAV,C_BLND_FUEL_VT,0.6088433056249469,
587,MID_AT,2020,CVTCAV,C_BLND_FUEL_VT,0.5588960918416688,
588,NE,2020,CVTCAV,C_BLND_FUEL_VT,0.5230911581500934,
589,NW,2020,CVTCAV,C_BLND_FUEL_VT,0.6432556884844447,
590,N_CEN,2020,CVTCAV,C_BLND_FUEL_VT,0.6071507454768462,
591,SE,2020,CVTCAV,C_BLND_FUEL_VT,0.6494549770857191,
592,SW,2020,CVTCAV,C_BLND_FUEL_VT,0.6501938553481157,
593,TX,2020,CVTCAV,C_BLND_FUEL_VT,0.6118716460082684,
594,CA,2025,CVTCAV,C_BLND_FUEL_VT,0.644753087043545,
595,CEN,2025,CVTCAV,C_BLND_FUEL_VT,0.6132808708314079,
596,MID_AT,2025,CVTCAV,C_BLND_FUEL_VT,0.5644518102902135,
597,NE,2025,CVTCAV,C_BLND_FUEL_VT,0.5279950124501862,
598,NW,2025,CVTCAV,C_BLND_FUEL_VT,0.6467364142430196,
599,N_CEN,2025,CVTCAV,C_BLND_FUEL_VT,0.6112997910453181,
600,SE,2025,CVTCAV,C_BLND_FUEL_VT,0.6531928691499415,
601,SW,2025,CVTCAV,C_BLND_FUEL_VT,0.6538569223655328,
602,TX,2025,CVTCAV,C_BLND_FUEL_VT,0.6161891453294639,
603,CA,2030,CVTCAV,C_BLND_FUEL_VT,0.6455466693157954,
604,CEN,2030,CVTCAV,C_BLND_FUEL_VT,0.6143300261281014,
605,MID_AT,2030,CVTCAV,C_BLND_FUEL_VT,0.5665848815288613,
606,NE,2030,CVTCAV,C_BLND_FUEL_VT,0.5294734677758709,
607,NW,2030,CVTCAV,C_BLND_FUEL_VT,0.647541016343686,
608,N_CEN,2030,CVTCAV,C_BLND_FUEL_VT,0.612365696861786,
609,SE,2030,CVTCAV,C_BLND_FUEL_VT,0.6540193290404441,
610,SW,2030,CVTCAV,C_BLND_FUEL_VT,0.6545993336947329,
611,TX,2030,CVTCAV,C_BLND_FUEL_VT,0.6171215588543633,
612,CA,2035,CVTCAV,C_BLND_FUEL_VT,0.6425977083576581,
613,CEN,2035,CVTCAV,C_BLND_FUEL_VT,0.6105310826871031,
614,MID_AT,2035,CVTCAV,C_BLND_FUEL_VT,0.5637775819239369,
615,NE,2035,CVTCAV,C_BLND_FUEL_VT,0.5257375846220282,
616,NW,2035,CVTCAV,C_BLND_FUEL_VT,0.6445383092600881,
617,N_CEN,2035,CVTCAV,C_BLND_FUEL_VT,0.6088491257287758,
618,SE,2035,CVTCAV,C_BLND_FUEL_VT,0.6507212118685889,
619,SW,2035,CVTCAV,C_BLND_FUEL_VT,0.6513263003086871,
620,TX,2035,CVTCAV,C_BLND_FUEL_VT,0.6133123417644251,
621,CA,2040,CVTCAV,C_BLND_FUEL_VT,0.6385672884329969,
622,CEN,2040,CVTCAV,C_BLND_FUEL_VT,0.6053389455372714,
623,MID_AT,2040,CVTCAV,C_BLND_FUEL_VT,0.5593278705048398,
624,NE,2040,CVTCAV,C_BLND_FUEL_VT,0.5202149651748925,
625,NW,2040,CVTCAV,C_BLND_FUEL_VT,0.6404528771553831,
626,N_CEN,2040,CVTCAV,C_BLND_FUEL_VT,0.6039254023882319,
627,SE,2040,CVTCAV,C_BLND_FUEL_VT,0.6462711458510696,
628,SW,2040,CVTCAV,C_BLND_FUEL_VT,0.646986712357412,
629,TX,2040,CVTCAV,C_BLND_FUEL_VT,0.6082014082897561,
630,CA,2045,CVTCAV,C_BLND_FUEL_VT,0.6370001990149874,
631,CEN,2045,CVTCAV,C_BLND_FUEL_VT,0.6033327241248447,
632,MID_AT,2045,CVTCAV,C_BLND_FUEL_VT,0.5577678216337522,
633,NE,2045,CVTCAV,C_BLND_FUEL_VT,0.5178572292028015,
634,NW,2045,CVTCAV,C_BLND_FUEL_VT,0.6388742986870777,
635,N_CEN,2045,CVTCAV,C_BLND_FUEL_VT,0.6019901947519685,
636,SE,2045,CVTCAV,C_BLND_FUEL_VT,0.6445447928435997,
637,SW,2045,CVTCAV,C_BLND_FUEL_VT,0.6453200479077461,
638,TX,2045,CVTCAV,C_BLND_FUEL_VT,0.6062299238599265,
639,CA,2050,CVTCAV,C_BLND_FUEL_VT,0.6368582625666662,
640,CEN,2050,CVTCAV,C_BLND_FUEL_VT,0.603167022577149,
641,MID_AT,2050,CVTCAV,C_BLND_FUEL_VT,0.5577764859442073,
642,NE,2050,CVTCAV,C_BLND_FUEL_VT,0.5172650865528211,
643,NW,2050,CVTCAV,C_BLND_FUEL_VT,0.6387368574250519,
644,N_CEN,2050,CVTCAV,C_BLND_FUEL_VT,0.6018128865008059,
645,SE,2050,CVTCAV,C_BLND_FUEL_VT,0.6443823959460359,
646,SW,2050,CVTCAV,C_BLND_FUEL_VT,0.645170459562545,
647,TX,2050,CVTCAV,C_BLND_FUEL_VT,0.6060524764880049,
648,CA,2017,CVTVAV,C_BLND_FUEL_VT,0.3612726389449568,
649,CEN,2017,CVTVAV,C_BLND_FUEL_VT,0.39455927443539424,
650,MID_AT,2017,CVTVAV,C_BLND_FUEL_VT,0.44502619870977117,
651,NE,2017,CVTVAV,C_BLND_FUEL_VT,0.4805007839304714,
652,NW,2017,CVTVAV,C_BLND_FUEL_VT,0.3594515866435055,
653,N_CEN,2017,CVTVAV,C_BLND_FUEL_VT,0.3959712146598196,
654,SE,2017,CVTVAV,C_BLND_FUEL_VT,0.3534665247011052,
655,SW,2017,CVTVAV,C_BLND_FUEL_VT,0.35271266733517226,
656,TX,2017,CVTVAV,C_BLND_FUEL_VT,0.39147773605008257,
657,CA,2020,CVTVAV,C_BLND_FUEL_VT,0.35864584839875385,
658,CEN,2020,CVTVAV,C_BLND_FUEL_VT,0.391156694375053,
659,MID_AT,2020,CVTVAV,C_BLND_FUEL_VT,0.4411039081583313,
660,NE,2020,CVTVAV,C_BLND_FUEL_VT,0.4769088418499064,
661,NW,2020,CVTVAV,C_BLND_FUEL_VT,0.35674431151555536,
662,N_CEN,2020,CVTVAV,C_BLND_FUEL_VT,0.39284925452315383,
663,SE,2020,CVTVAV,C_BLND_FUEL_VT,0.3505450229142809,
664,SW,2020,CVTVAV,C_BLND_FUEL_VT,0.3498061446518844,
665,TX,2020,CVTVAV,C_BLND_FUEL_VT,0.38812835399173157,
666,CA,2025,CVTVAV,C_BLND_FUEL_VT,0.3552469129564551,
667,CEN,2025,CVTVAV,C_BLND_FUEL_VT,0.38671912916859214,
668,MID_AT,2025,CVTVAV,C_BLND_FUEL_VT,0.4355481897097864,
669,NE,2025,CVTVAV,C_BLND_FUEL_VT,0.47200498754981374,
670,NW,2025,CVTVAV,C_BLND_FUEL_VT,0.3532635857569804,
671,N_CEN,2025,CVTVAV,C_BLND_FUEL_VT,0.3887002089546819,
672,SE,2025,CVTVAV,C_BLND_FUEL_VT,0.3468071308500586,
673,SW,2025,CVTVAV,C_BLND_FUEL_VT,0.34614307763446717,
674,TX,2025,CVTVAV,C_BLND_FUEL_VT,0.3838108546705361,
675,CA,2030,CVTVAV,C_BLND_FUEL_VT,0.35445333068420454,
676,CEN,2030,CVTVAV,C_BLND_FUEL_VT,0.3856699738718987,
677,MID_AT,2030,CVTVAV,C_BLND_FUEL_VT,0.43341511847113867,
678,NE,2030,CVTVAV,C_BLND_FUEL_VT,0.4705265322241291,
679,NW,2030,CVTVAV,C_BLND_FUEL_VT,0.35245898365631395,
680,N_CEN,2030,CVTVAV,C_BLND_FUEL_VT,0.38763430313821406,
681,SE,2030,CVTVAV,C_BLND_FUEL_VT,0.3459806709595559,
682,SW,2030,CVTVAV,C_BLND_FUEL_VT,0.34540066630526717,
683,TX,2030,CVTVAV,C_BLND_FUEL_VT,0.38287844114563674,
684,CA,2035,CVTVAV,C_BLND_FUEL_VT,0.357402291642342,
685,CEN,2035,CVTVAV,C_BLND_FUEL_VT,0.38946891731289685,
686,MID_AT,2035,CVTVAV,C_BLND_FUEL_VT,0.43622241807606305,
687,NE,2035,CVTVAV,C_BLND_FUEL_VT,0.47426241537797176,
688,NW,2035,CVTVAV,C_BLND_FUEL_VT,0.3554616907399118,
689,N_CEN,2035,CVTVAV,C_BLND_FUEL_VT,0.39115087427122425,
690,SE,2035,CVTVAV,C_BLND_FUEL_VT,0.34927878813141117,
691,SW,2035,CVTVAV,C_BLND_FUEL_VT,0.348673699691313,
692,TX,2035,CVTVAV,C_BLND_FUEL_VT,0.3866876582355749,
693,CA,2040,CVTVAV,C_BLND_FUEL_VT,0.36143271156700296,
694,CEN,2040,CVTVAV,C_BLND_FUEL_VT,0.3946610544627286,
695,MID_AT,2040,CVTVAV,C_BLND_FUEL_VT,0.4406721294951603,
696,NE,2040,CVTVAV,C_BLND_FUEL_VT,0.4797850348251075,
697,NW,2040,CVTVAV,C_BLND_FUEL_VT,0.3595471228446168,
698,N_CEN,2040,CVTVAV,C_BLND_FUEL_VT,0.39607459761176805,
699,SE,2040,CVTVAV,C_BLND_FUEL_VT,0.3537288541489304,
700,SW,2040,CVTVAV,C_BLND_FUEL_VT,0.3530132876425879,
701,TX,2040,CVTVAV,C_BLND_FUEL_VT,0.3917985917102439,
702,CA,2045,CVTVAV,C_BLND_FUEL_VT,0.36299980098501267,
703,CEN,2045,CVTVAV,C_BLND_FUEL_VT,0.3966672758751552,
704,MID_AT,2045,CVTVAV,C_BLND_FUEL_VT,0.4422321783662478,
705,NE,2045,CVTVAV,C_BLND_FUEL_VT,0.4821427707971984,
706,NW,2045,CVTVAV,C_BLND_FUEL_VT,0.36112570131292226,
707,N_CEN,2045,CVTVAV,C_BLND_FUEL_VT,0.3980098052480316,
708,SE,2045,CVTVAV,C_BLND_FUEL_VT,0.35545520715640017,
709,SW,2045,CVTVAV,C_BLND_FUEL_VT,0.35467995209225384,
710,TX,2045,CVTVAV,C_BLND_FUEL_VT,0.3937700761400735,
711,CA,2050,CVTVAV,C_BLND_FUEL_VT,0.36314173743333383,
712,CEN,2050,CVTVAV,C_BLND_FUEL_VT,0.396832977422851,
713,MID_AT,2050,CVTVAV,C_BLND_FUEL_VT,0.4422235140557927,
714,NE,2050,CVTVAV,C_BLND_FUEL_VT,0.4827349134471788,
715,NW,2050,CVTVAV,C_BLND_FUEL_VT,0.36126314257494807,
716,N_CEN,2050,CVTVAV,C_BLND_FUEL_VT,0.39818711349919406,
717,SE,2050,CVTVAV,C_BLND_FUEL_VT,0.3556176040539641,
718,SW,2050,CVTVAV,C_BLND_FUEL_VT,0.35482954043745496,
719,TX,2050,CVTVAV,C_BLND_FUEL_VT,0.393947523511995,
0,US,2017,CRFBVM,C_BLND_FUEL_RF,0.091917587146677,
1,US,2020,CRFBVM,C_BLND_FUEL_RF,0.09966569301778473,
2,US,2025,CRFBVM,C_BLND_FUEL_RF,0.11166512466207247,
3,US,2030,CRFBVM,C_BLND_FUEL_RF,0.11965978236408722,
4,US,2035,CRFBVM,C_BLND_FUEL_RF,0.12225063138081504,
5,US,2040,CRFBVM,C_BLND_FUEL_RF,0.12210386093161928,
6,US,2045,CRFBVM,C_BLND_FUEL_RF,0.12195945917377611,
7,US,2050,CRFBVM,C_BLND_FUEL_RF,0.12216842319565456,
8,US,2017,CRFCEN,C_BLND_FUEL_RF,0.33634318642454086,
9,US,2020,CRFCEN,C_BLND_FUEL_RF,0.30928788520946526,
10,US,2025,CRFCEN,C_BLND_FUEL_RF,0.27715351573950014,
11,US,2030,CRFCEN,C_BLND_FUEL_RF,0.2822645840590749,
12,US,2035,CRFCEN,C_BLND_FUEL_RF,0.29034398048752635,
13,US,2040,CRFCEN,C_BLND_FUEL_RF,0.291398028781927,
14,US,2045,CRFCEN,C_BLND_FUEL_RF,0.29147486502145464,
15,US,2050,CRFCEN,C_BLND_FUEL_RF,0.29137192328306677,
16,US,2017,CRFICM,C_BLND_FUEL_RF,0.03899770395482812,
17,US,2020,CRFICM,C_BLND_FUEL_RF,0.05470640862186198,
18,US,2025,CRFICM,C_BLND_FUEL_RF,0.07322972040637692,
19,US,2030,CRFICM,C_BLND_FUEL_RF,0.07379602912845556,
20,US,2035,CRFICM,C_BLND_FUEL_RF,0.07274637020017588,
21,US,2040,CRFICM,C_BLND_FUEL_RF,0.07321988813626759,
22,US,2045,CRFICM,C_BLND_FUEL_RF,0.07314039237582018,
23,US,2050,CRFICM,C_BLND_FUEL_RF,0.07298571689861867,
24,US,2017,CRFRIF,C_BLND_FUEL_RF,0.2121636105879206,
25,US,2020,CRFRIF,C_BLND_FUEL_RF,0.19182501217383277,
26,US,2025,CRFRIF,C_BLND_FUEL_RF,0.15907477860359126,
27,US,2030,CRFRIF,C_BLND_FUEL_RF,0.13419174404659726,
28,US,2035,CRFRIF,C_BLND_FUEL_RF,0.12363534273015685,
29,US,2040,CRFRIF,C_BLND_FUEL_RF,0.12211638981127558,
30,US,2045,CRFRIF,C_BLND_FUEL_RF,0.12195946895067167,
31,US,2050,CRFRIF,C_BLND_FUEL_RF,0.12216843294275978,
32,US,2017,CRFRIR,C_BLND_FUEL_RF,0.07382342033562787,
33,US,2020,CRFRIR,C_BLND_FUEL_RF,0.0857960858529227,
34,US,2025,CRFRIR,C_BLND_FUEL_RF,0.10452733754803419,
35,US,2030,CRFRIR,C_BLND_FUEL_RF,0.11747030180282327,
36,US,2035,CRFRIR,C_BLND_FUEL_RF,0.12204176165203967,
37,US,2040,CRFRIR,C_BLND_FUEL_RF,0.12210194977153073,
38,US,2045,CRFRIR,C_BLND_FUEL_RF,0.12195944771010228,
39,US,2050,CRFRIR,C_BLND_FUEL_RF,0.12216842133498941,
40,US,2017,CRFRVM,C_BLND_FUEL_RF,0.03322205679149944,
41,US,2020,CRFRVM,C_BLND_FUEL_RF,0.05264856617932864,
42,US,2025,CRFRVM,C_BLND_FUEL_RF,0.07946315007699992,
43,US,2030,CRFRVM,C_BLND_FUEL_RF,0.08552104946537752,
44,US,2035,CRFRVM,C_BLND_FUEL_RF,0.08447432928609021,
45,US,2040,CRFRVM,C_BLND_FUEL_RF,0.08465094858127165,
46,US,2045,CRFRVM,C_BLND_FUEL_RF,0.08475769940000442,
47,US,2050,CRFRVM,C_BLND_FUEL_RF,0.0846017451701537,
48,US,2017,CRFWIF,C_BLND_FUEL_RF,0.06603259450701135,
49,US,2020,CRFWIF,C_BLND_FUEL_RF,0.07545264536986795,
50,US,2025,CRFWIF,C_BLND_FUEL_RF,0.08911785441533035,
51,US,2030,CRFWIF,C_BLND_FUEL_RF,0.09312890642527422,
52,US,2035,CRFWIF,C_BLND_FUEL_RF,0.09225361891341854,
53,US,2040,CRFWIF,C_BLND_FUEL_RF,0.09220449387385224,
54,US,2045,CRFWIF,C_BLND_FUEL_RF,0.09237436681768874,
55,US,2050,CRFWIF,C_BLND_FUEL_RF,0.09226770790948065,
56,US,2017,CRFWIR,C_BLND_FUEL_RF,0.1474998402518948,
57,US,2020,CRFWIR,C_BLND_FUEL_RF,0.1306177035749359,
58,US,2025,CRFWIR,C_BLND_FUEL_RF,0.1057685185480947,
59,US,2030,CRFWIR,C_BLND_FUEL_RF,0.09396760270831002,
60,US,2035,CRFWIR,C_BLND_FUEL_RF,0.09225396534977744,
61,US,2040,CRFWIR,C_BLND_FUEL_RF,0.09220444011225597,
62,US,2045,CRFWIR,C_BLND_FUEL_RF,0.09237430055048187,
63,US,2050,CRFWIR,C_BLND_FUEL_RF,0.09226762926527654,
64,US,2017,CVTCAV,C_BLND_FUEL_VT,0.6006410924902382,
65,US,2020,CVTCAV,C_BLND_FUEL_VT,0.6041546129299056,
66,US,2025,CVTCAV,C_BLND_FUEL_VT,0.6089357665764198,
67,US,2030,CVTCAV,C_BLND_FUEL_VT,0.6105092680365698,
68,US,2035,CVTCAV,C_BLND_FUEL_VT,0.6075011383793328,
69,US,2040,CVTCAV,C_BLND_FUEL_VT,0.60306663503066,
70,US,2045,CVTCAV,C_BLND_FUEL_VT,0.6014380282823144,
71,US,2050,CVTCAV,C_BLND_FUEL_VT,0.6013743970293338,
72,US,2017,CVTVAV,C_BLND_FUEL_VT,0.3993589075097618,
73,US,2020,CVTVAV,C_BLND_FUEL_VT,0.3958453870700944,
74,US,2025,CVTVAV,C_BLND_FUEL_VT,0.3910642334235803,
75,US,2030,CVTVAV,C_BLND_FUEL_VT,0.38949073196343026,
76,US,2035,CVTVAV,C_BLND_FUEL_VT,0.3924988616206672,
77,US,2040,CVTVAV,C_BLND_FUEL_VT,0.3969333649693399,
78,US,2045,CVTVAV,C_BLND_FUEL_VT,0.3985619717176856,
79,US,2050,CVTVAV,C_BLND_FUEL_VT,0.3986256029706662,
